"title","asin","vpi","brand","categoryLabel","parentCategory","glanceViews","priorGlanceViews","buyBoxPercentage","priorBuyBoxPercentage","orderedRevenue","priorOrderedRevenue","orderedUnits","priorOrderedUnits","avgPrice","unitsPerGlanceViews","conversionRate","priorConversionRate"
"Aps SERVIER/Trasporto Macchina Circa 108 x 50 cm, Altezza 96 cm in Polipropilene, Colore Grigio Alluminio, 3 Ripiani","B005NYMXPI","B005NYMXPI","APS","32809430","32809400","21","18","93.3","0","1243.12","0.00","8","0","155.39","0","38.1","0"
"Finocam Dotted Agenda Settimanale 16 Mesi 2026 2027| Gala","B0GJSTYCBJ","B0GJSTYCBJ","finocam","Diari per appuntamenti e agende","Archivio ufficio e accessori per scrivania","3900","0","100","0","864.03","0.00","80","0","10.80","0","2.1","0"
"Finocam Capri Agenda Settimanale 16 Mesi 2026 2027| Happy","B0GJT1MPDL","B0GJT1MPDL","finocam","Diari per appuntamenti e agende","Archivio ufficio e accessori per scrivania","7226","0","100","0","606.11","0.00","58","0","10.45","0","0.8","0"
"Finocam - Rubrica alfabetica a doppia spirale con chiusura a elastico | 48 fogli | Rubrica A5 alfabetica a doppia spirale - colore Nero","B07P6G6T1T","B07P6G6T1T","finocam","Blocchi appunti, taccuini e diari","Archivio ufficio e accessori per scrivania","610","93","100","0","496.57","94.30","62","10","8.01","0","10.2","10.8"
"Finocam Mara Agenda Settimanale 18 Mesi 2026 2027 | Pretty","B0GJTBHR9G","B0GJTBHR9G","finocam","Diari per appuntamenti e agende","Archivio ufficio e accessori per scrivania","1662","0","100","0","475.79","0.00","39","0","12.20","0","2.3","0"
"Finocam Mara Agenda Giornaliera 18 Mesi 2026 2027 | Nero","B0GJT3MCGM","B0GJT3MCGM","finocam","Diari per appuntamenti e agende","Archivio ufficio e accessori per scrivania","1136","0","98.7","0","474.52","0.00","33","0","14.38","0","2.9","0"
"Finocam Dotted Agenda Settimanale 16 Mesi 2026 2027| Bloom","B0GJT2872V","B0GJT2872V","finocam","Diari per appuntamenti e agende","Archivio ufficio e accessori per scrivania","1558","0","100","0","399.64","0.00","37","0","10.80","0","2.4","0"
"Finocam - Rubrica alfabetica a doppia spirale con chiusura a elastico | 48 fogli | Rubrica A5 alfabetica a doppia spirale - colore Magenta","B01D025HWK","B01D025HWK","finocam","Blocchi appunti, taccuini e diari","Archivio ufficio e accessori per scrivania","376","100","100","0","384.47","103.73","48","11","8.01","0","12.8","11"
"Finocam Mínimal Agenda Settimanale 18 Mesi 2026 2027 | Daisy","B0GJT7CD83","B0GJT7CD83","finocam","Diari per appuntamenti e agende","Archivio ufficio e accessori per scrivania","1631","0","100","0","355.24","0.00","30","0","11.84","0","1.8","0"
"APS misurino Circa Diametro 12 cm, Altezza 17 cm Circa 1L, Polipropilene (PP) Maniglia Chiusa, Goffrato Mass skalierung","B004LO9F1G","B004LO9F1G","APS","32809430","32809400","236","55","100","0","354.63","63.92","40","6","8.87","0","16.9","10.9"
"Finocam Mara Agenda Settimanale 18 Mesi 2026 2027 | Girl","B0GJT5X8Y8","B0GJT5X8Y8","finocam","Diari per appuntamenti e agende","Archivio ufficio e accessori per scrivania","1524","0","100","0","353.79","0.00","29","0","12.20","0","1.9","0"
"finocam - Agenda senza data Mytime Settimana Layout Verticale Internazionale","B0BS49SS5T","B0BS49SS5T","finocam","Diari per appuntamenti e agende","Archivio ufficio e accessori per scrivania","1560","599","100","0","306.67","77.08","44","10","6.97","0","2.8","1.7"
"Finocam Capri Agenda Settimanale 16 Mesi 2026 2027| Giungla","B0GJT13HPB","B0GJT13HPB","finocam","Diari per appuntamenti e agende","Archivio ufficio e accessori per scrivania","1821","0","100","0","282.15","0.00","27","0","10.45","0","1.5","0"
"Finocam Dotted Agenda Settimanale 16 Mesi 2026 2027| Nero","B0GJSV82XJ","B0GJSV82XJ","finocam","Diari per appuntamenti e agende","Archivio ufficio e accessori per scrivania","634","0","100","0","270.01","0.00","25","0","10.80","0","3.9","0"
"Finocam Mínimal Agenda Settimanale 18 Mesi 2026 2027 | Daisy","B0GJT5BXLY","B0GJT5BXLY","finocam","Diari per appuntamenti e agende","Archivio ufficio e accessori per scrivania","496","0","100","0","236.81","0.00","17","0","13.93","0","3.4","0"
"Finocam Espiral Agenda Settimanale 18 Mesi 2026 2027 | Nero","B0GJSWFNVF","B0GJSWFNVF","finocam","Diari per appuntamenti e agende","Archivio ufficio e accessori per scrivania","872","0","100","0","224.25","0.00","23","0","9.75","0","2.6","0"
"Finocam Ikon Agenda 16 Mesi 2026 2027 | Nero","B0GJSPSHJ7","B0GJSPSHJ7","finocam","Diari per appuntamenti e agende","Archivio ufficio e accessori per scrivania","1139","0","100","0","222.20","0.00","22","0","10.10","0","1.9","0"
"Finocam - Rubrica alfabetica a doppia spirale con chiusura a elastico | 48 fogli | Rubrica A5 alfabetica a doppia spirale - colore Magenta","B07P6G7LZ7","B07P6G7LZ7","finocam","Blocchi appunti, taccuini e diari","Archivio ufficio e accessori per scrivania","382","100","100","0","216.27","75.44","27","8","8.01","0","7.1","8"
"Finocam Mara Agenda Settimanale 18 Mesi 2026 2027 | Nero","B0GJT4P82S","B0GJT4P82S","finocam","Diari per appuntamenti e agende","Archivio ufficio e accessori per scrivania","986","0","100","0","195.20","0.00","16","0","12.20","0","1.6","0"
"APS Vaso portaoggetti classico, contenitore in vetro di alta qualità da 0,9 l, mantiene i tuoi prodotti freschi attraverso il coperchio in vetro con contenitore di tenuta","B07W738MXS","B07W738MXS","APS","Altro","32809400","353","310","100","0","189.56","203.88","14","15","13.54","0","4","4.8"
"Finocam Capri Agenda Settimanale 16 Mesi 2026 2027| Power","B0GJSTVNYG","B0GJSTVNYG","finocam","Diari per appuntamenti e agende","Archivio ufficio e accessori per scrivania","2766","0","100","0","188.10","0.00","18","0","10.45","0","0.7","0"
"Finocam Espiral Agenda Settimanale 18 Mesi 2026 2027 | Pretty","B0GJSX425K","B0GJSX425K","finocam","Diari per appuntamenti e agende","Archivio ufficio e accessori per scrivania","853","0","99.9","0","185.26","0.00","19","0","9.75","0","2.2","0"
"Finocam Ikon Agenda Giornaliera 16 Mesi 2026 2027 | Bordeaux","B0GJSRYFXP","B0GJSRYFXP","finocam","Diari per appuntamenti e agende","Archivio ufficio e accessori per scrivania","438","0","100","0","168.63","0.00","11","0","15.33","0","2.5","0"
"Finocam Mara Agenda Giornaliera 18 Mesi 2026 2027 | Pretty","B0GJSSNL18","B0GJSSNL18","finocam","Diari per appuntamenti e agende","Archivio ufficio e accessori per scrivania","959","0","100","0","167.21","0.00","10","0","16.72","0","1","0"
"Finocam Mínimal Agenda Settimanale 18 Mesi 2026 2027 | Nero","B0GJT64GM9","B0GJT64GM9","finocam","Diari per appuntamenti e agende","Archivio ufficio e accessori per scrivania","161","0","99.4","0","167.16","0.00","12","0","13.93","0","7.5","0"
"Finocam Jazz Libro delle Firme | Crema","B0GJT12GDT","B0GJT12GDT","finocam","Organizer personali","Organizzazione dell'ufficio","120","0","100","0","160.94","0.00","7","0","22.99","0","5.8","0"
"Finocam - Rubrica telefonica a doppia spirale con chiusura a elastico | 48 fogli | Agenda A5 con rubrica telefonica rilegata a doppia spirale - colore Blu","B00CP48ZRY","B00CP48ZRY","finocam","Blocchi appunti, taccuini e diari","Archivio ufficio e accessori per scrivania","201","31","100","0","160.20","37.72","20","4","8.01","0","10","12.9"
"Finocam Espiral Agenda Settimanale 18 Mesi 2026 2027 | Azzurro","B0GJT3XJSG","B0GJT3XJSG","finocam","Diari per appuntamenti e agende","Archivio ufficio e accessori per scrivania","1146","0","100","0","146.25","0.00","15","0","9.75","0","1.3","0"
"Vaso di conservazione APS""Classic"" - in vetro di alta qualità con una capacità di 2,0 litri - il coperchio con guarnizione mantiene i vostri prodotti freschi","B07W86HWQ2","B07W86HWQ2","APS","Altro","32809400","143","212","98.5","0","141.48","251.69","6","9","23.58","0","4.2","4.2"
"APS Assheuer & Pott ass30057 misurino, 5 Litri","B004LOD3DW","B004LOD3DW","APS","32809430","32809400","25","29","94.3","0","137.31","103.70","8","6","17.16","0","32","20.7"
"Finocam Espiral Agenda Settimanale 18 Mesi 2026 2027 | Girl","B0GJST9G3G","B0GJST9G3G","finocam","Diari per appuntamenti e agende","Archivio ufficio e accessori per scrivania","1319","0","100","0","126.75","0.00","13","0","9.75","0","1","0"
"Finocam - Rubrica telefonica a doppia spirale con chiusura a elastico | 48 fogli | Agenda A5 con rubrica telefonica rilegata a doppia spirale - colore Magenta","B00CP46HV0","B00CP46HV0","finocam","Blocchi appunti, taccuini e diari","Archivio ufficio e accessori per scrivania","220","57","100","0","120.15","28.29","15","3","8.01","0","6.8","5.3"
"Finocam Mínimal Agenda Settimanale 18 Mesi 2026 2027 | Azzurro","B0GJSXGHPV","B0GJSXGHPV","finocam","Diari per appuntamenti e agende","Archivio ufficio e accessori per scrivania","240","0","100","0","111.44","0.00","8","0","13.93","0","3.3","0"
"Finocam Mínimal Agenda Settimanale 18 Mesi 2026 2027 | Girl","B0GJSY5V4L","B0GJSY5V4L","finocam","Diari per appuntamenti e agende","Archivio ufficio e accessori per scrivania","301","0","100","0","111.44","0.00","8","0","13.93","0","2.7","0"
"APS Borraccia in Acciaio Inox Resistente di Alta qualità, Bottiglia d'Acqua da 500 ml con Maniglia per Il Trasporto e Guarnizione di sostituto/Bottiglia a Doppia Parete.","B09BZ58JB3","B09BZ58JB3","APS","Altro","32809400","142","13","100","0","108.74","0.00","9","0","12.08","0","6.3","0"
"Finocam Mínimal Agenda Settimanale 18 Mesi 2026 2027 | Girl","B0GJT4J9FN","B0GJT4J9FN","finocam","Diari per appuntamenti e agende","Archivio ufficio e accessori per scrivania","683","0","100","0","106.56","0.00","9","0","11.84","0","1.3","0"
"Finocam Capri Agenda Settimanale 16 Mesi 2026 2027| Nero","B0GJSWKQDQ","B0GJSWKQDQ","finocam","Diari per appuntamenti e agende","Archivio ufficio e accessori per scrivania","861","0","100","0","104.50","0.00","10","0","10.45","0","1.2","0"
"Finocam Event Libro delle Firme | Marrone","B0GJSX5C2F","B0GJSX5C2F","finocam","Organizer personali","Organizzazione dell'ufficio","130","0","95.8","0","103.42","0.00","4","0","25.86","0","3.1","0"
"Finocam Espiral Agenda Settimanale 18 Mesi 2026 2027 | Daisy","B0GJT24P8W","B0GJT24P8W","finocam","Diari per appuntamenti e agende","Archivio ufficio e accessori per scrivania","692","0","100","0","97.50","0.00","10","0","9.75","0","1.4","0"
"APS Vaso portaoggetti Classico, Contenitore in Vetro di Alta qualità da 6,0 Litri, Mantiene i Tuoi Prodotti freschi Attraverso Il Coperchio in Vetro con Contenitore di Tenuta","B07W62N25F","B07W62N25F","APS","Altro","32809400","65","0","100","0","88.86","0.00","3","0","29.62","0","4.6","0"
"APS Assheuer & Pott ass30049 misurino, 3 Litri","B004LO7E4G","B004LO7E4G","APS","32809430","32809400","15","12","100","0","86.62","0.00","5","0","17.32","0","33.3","0"
"finocam - Agenda senza data Mytime 1 Giorno per Pagina Internazionale","B0BS4996B7","B0BS4996B7","finocam","Diari per appuntamenti e agende","Archivio ufficio e accessori per scrivania","301","122","100","0","83.60","36.11","8","3","10.45","0","2.7","2.5"
"Finocam Espiral Agenda Giornaliera 18 Mesi 2026 2027 | Daisy","B0GJT23N8Z","B0GJT23N8Z","finocam","Diari per appuntamenti e agende","Archivio ufficio e accessori per scrivania","266","0","100","0","83.58","0.00","6","0","13.93","0","2.3","0"
"Finocam Jazz Libro delle Firme | Grigio","B0GJT6S2N2","B0GJT6S2N2","finocam","Organizer personali","Organizzazione dell'ufficio","43","0","74.1","0","81.91","0.00","4","0","20.48","0","9.3","0"
"Finocam Capri Agenda Giornaliera 2027 | Happy","B0GYNT9ZBC","B0GYNT9ZBC","finocam","Diari per appuntamenti e agende","Archivio ufficio e accessori per scrivania","922","0","100","0","80.32","0.00","4","0","20.08","0","0.4","0"
"Finocam Event Libro delle Firme | Azzurro","B0GJSXBT2B","B0GJSXBT2B","finocam","Organizer personali","Organizzazione dell'ufficio","85","0","100","0","75.07","0.00","3","0","25.02","0","3.5","0"
"Finocam Mínimal Agenda Settimanale 18 Mesi 2026 2027 | Pretty","B0GJT6TSSN","B0GJT6TSSN","finocam","Diari per appuntamenti e agende","Archivio ufficio e accessori per scrivania","272","0","100","0","69.65","0.00","5","0","13.93","0","1.8","0"
"Finocam Haiku Planner settimanale non datato | Layout Settimanale Verticale | Verde · Internazionale - Planner","B0GJT2SKB5","B0GJT2SKB5","finocam","Organizer personali","Organizzazione dell'ufficio","225","0","100","0","68.95","0.00","9","0","7.66","0","4","0"
"Finocam Mínimal Agenda Settimanale 18 Mesi 2026 2027 | Pretty","B0GJT8HNSX","B0GJT8HNSX","finocam","Diari per appuntamenti e agende","Archivio ufficio e accessori per scrivania","460","0","99.8","0","67.29","0.00","6","0","11.22","0","1.3","0"
"Finocam Haiku Planner mensile non datato | Layout Mensile | Azzurro · Internazionale - Planner","B0GJT1BW7Z","B0GJT1BW7Z","finocam","Organizer personali","Organizzazione dell'ufficio","247","0","100","0","66.84","0.00","12","0","5.57","0","4.9","0"
"Finocam - Rubrica telefonica a doppia spirale con chiusura a elastico | 48 fogli | Agenda A5 con rubrica telefonica rilegata a doppia spirale - colore Nero","B00CP43UVA","B00CP43UVA","finocam","Blocchi appunti, taccuini e diari","Archivio ufficio e accessori per scrivania","183","120","100","0","64.08","28.29","8","3","8.01","0","4.4","2.5"
"Finocam - Rubrica telefonica a doppia spirale con chiusura a elastico | 48 fogli | Piccola agenda con rubrica telefonica rilegata a doppia spirale 10 x 15 cm - colore Blu","B00L9ZQ9ZK","B00L9ZQ9ZK","finocam","Blocchi appunti, taccuini e diari","Archivio ufficio e accessori per scrivania","205","103","100","0","62.73","65.60","9","8","6.97","0","4.4","7.8"
"APS misurino Circa Diametro 9,5 cm, Altezza 14 cm ca. 0,5L, Polipropilene (PP) Maniglia Chiusa, Goffrato Mass skalierung","B004LOB8EI","B004LOB8EI","APS","32809430","32809400","48","14","100","0","59.92","16.15","8","3","7.49","0","16.7","21.4"
"Finocam Mínimal Agenda Settimanale 18 Mesi 2026 2027 | Azzurro","B0GJT25LQ1","B0GJT25LQ1","finocam","Diari per appuntamenti e agende","Archivio ufficio e accessori per scrivania","415","0","100","0","59.20","0.00","5","0","11.84","0","1.2","0"
"Finocam Mínimal Agenda Settimanale 18 Mesi 2026 2027 | Nero","B0GJT23KQK","B0GJT23KQK","finocam","Diari per appuntamenti e agende","Archivio ufficio e accessori per scrivania","308","0","99.7","0","57.97","0.00","5","0","11.59","0","1.6","0"
"APS Etagère/scaffale da Portata a 2 Ripiani con cestelli e Tavole da Portata","B09S6NGQ3T","B09S6NGQ3T","APS","32809430","32809400","1","0","100","0","56.57","0.00","1","0","56.57","0","100","0"
"Finocam Espiral Agenda Giornaliera 18 Mesi 2026 2027 | Nero","B0GJT2SJZK","B0GJT2SJZK","finocam","Diari per appuntamenti e agende","Archivio ufficio e accessori per scrivania","299","0","100","0","55.72","0.00","4","0","13.93","0","1.3","0"
"Finocam Espiral Agenda Giornaliera 18 Mesi 2026 2027 | Pretty","B0GJT3X9FM","B0GJT3X9FM","finocam","Diari per appuntamenti e agende","Archivio ufficio e accessori per scrivania","289","0","100","0","55.72","0.00","4","0","13.93","0","1.4","0"
"Finocam Calendario da Parete Internazionale 2027 | Immagini Nature - Calendario mensile - Pianificazione e Organizzazione","B0GYNRKJQR","B0GYNRKJQR","finocam","calendari","Organizzazione dell'ufficio","100","0","100","0","55.08","0.00","6","0","9.18","0","6","0"
"APS Vassoio fast food, infrangibile e lavabile in lavastoviglie, prodotto in Germania, 53 x 32,5 cm, altezza 2 cm (GN 1/1), nero, 553, 53 x 32,5 cm, h: 2 cm","B06XPKG92N","B06XPKG92N","APS","32809430","32809400","31","24","91.2","0","54.63","38.61","3","2","18.21","0","9.7","8.3"
"Finocam Ikon Agenda 16 Mesi 2026 2027 | Bordeaux","B0GJT88P6D","B0GJT88P6D","finocam","Diari per appuntamenti e agende","Archivio ufficio e accessori per scrivania","340","0","100","0","50.49","0.00","5","0","10.10","0","1.5","0"
"Finocam Mara Agenda Settimanale 18 Mesi 2026 2027 | Azzurro","B0GJSYLDLW","B0GJSYLDLW","finocam","Diari per appuntamenti e agende","Archivio ufficio e accessori per scrivania","389","0","100","0","48.80","0.00","4","0","12.20","0","1","0"
"Finocam Ikon Agenda 16 Mesi 2026 2027 | Nero","B0GJSS4V36","B0GJSS4V36","finocam","Diari per appuntamenti e agende","Archivio ufficio e accessori per scrivania","121","0","100","0","45.99","0.00","3","0","15.33","0","2.5","0"
"Finocam Haiku Planner settimanale non datato | Layout Settimanale Verticale | Azzurro · Internazionale - Planner","B0GJSXHGWN","B0GJSXHGWN","finocam","Organizer personali","Organizzazione dell'ufficio","135","0","100","0","45.96","0.00","6","0","7.66","0","4.4","0"
"Finocam Ikon Agenda 16 Mesi 2026 2027 | Nero","B0GJT2R199","B0GJT2R199","finocam","Diari per appuntamenti e agende","Archivio ufficio e accessori per scrivania","110","0","96.2","0","44.26","0.00","2","0","22.13","0","1.8","0"
"APS großes Vorratsglas, Vorratsdose mit Edelstahl Schraubdeckel 12,5 x 19cm, H: 18cm, Fassungsvermögen 1 Liter","B01DMBQ1XI","B01DMBQ1XI","APS","Altro","32809400","51","25","100","0","43.05","29.99","3","1","14.35","0","5.9","4"
"Finocam Dynamic Milano Agenda Giornaliera 2027 | 2 Pagine per Giorno | Nero","B0GYNS7TGL","B0GYNS7TGL","finocam","Diari per appuntamenti e agende","Archivio ufficio e accessori per scrivania","26","0","100","0","43.03","0.00","1","0","43.03","0","3.8","0"
"Finocam Calendario da Parete per Scrivere 2027 | Neutro - Lingua: Italiano - Calendario mensile - Pianificazione e Organizzazione","B0H38WZBXW","B0H38WZBXW","finocam","calendari","Organizzazione dell'ufficio","134","0","100","0","41.86","0.00","7","0","5.98","0","5.2","0"
"finocam Taccuino Nexo Copertina Morbida Dotted Nero, Taccuino A5 con Fogli Microforati, Tasca e Portapenna, 72 Fogli, Ideale per Bullet Journal","B0DV642H4Y","B0DV642H4Y","finocam","22903203","Archivio ufficio e accessori per scrivania","145","66","100","0","41.80","0.00","5","0","8.36","0","3.4","0"
"Finocam Calendario da Parete per Scrivere 2027 | Neutro - Lingua: Italiano - Calendario mensile - Pianificazione e Organizzazione","B0H393P86Y","B0H393P86Y","finocam","calendari","Organizzazione dell'ufficio","129","0","100","0","41.31","0.00","9","0","4.59","0","7","0"
"Finocam Mara Agenda Giornaliera 18 Mesi 2026 2027 | Daisy","B0GJT2N36W","B0GJT2N36W","finocam","Diari per appuntamenti e agende","Archivio ufficio e accessori per scrivania","199","0","99.5","0","39.34","0.00","2","0","19.67","0","1","0"
"APS Vassoio «Gastro», Vassoio Nero, Vassoio in Fibra di Vetro con Superficie Antiscivolo, Diametro 40,5 x Altezza 2 cm, Nero, 549, Diametro 40,5 cm, Altezza: 2 cm","B00N1G290O","B00N1G290O","APS","32809430","32809400","27","2","82","0","36.56","0.00","2","0","18.28","0","7.4","0"
"Finocam - Calendario da parete 2026 per scrivere Due Colonne Layout Mensile Gennaio - Dicembre 2026 12 mesi | Calendario 2026 per annotazioni | Planner mensile Neutro - Italiano, Muro Due Colonne","B0FG392CPV","B0FG392CPV","finocam","Diari per appuntamenti e agende","Archivio ufficio e accessori per scrivania","105","25","99","0","35.76","0.00","6","0","5.96","0","5.7","0"
"Finocam - Rubrica telefonica a doppia spirale con chiusura a elastico | 48 fogli | Piccola agenda con rubrica telefonica a doppia spirale 10 x 15 cm - colore Nero","B00JMEII1I","B00JMEII1I","finocam","Blocchi appunti, taccuini e diari","Archivio ufficio e accessori per scrivania","79","21","100","0","34.85","16.40","5","2","6.97","0","6.3","9.5"
"Finocam Calendario da Parete 2027 | Design - Lingua: Italiano - Calendario mensile - Pianificazione e Organizzazione","B0H39C6JB7","B0H39C6JB7","finocam","calendari","Organizzazione dell'ufficio","104","0","100","0","34.85","0.00","5","0","6.97","0","4.8","0"
"Finocam - Portadocumenti A4 NOPAL - Verde oliva | Portafoglio con Cerniera - Tasca interna per tablet | Cartella per appunti | Portadocumenti BIOMATERIALE - BASE CACTUS","B0DV5S3FFC","B0DV5S3FFC","finocam","22903151","Archivio ufficio e accessori per scrivania","15","0","100","0","34.49","0.00","1","0","34.49","0","6.7","0"
"Finocam Spirale You Agenda Giornaliera 2027 | Grano","B0GYNTP46M","B0GYNTP46M","finocam","Diari per appuntamenti e agende","Archivio ufficio e accessori per scrivania","77","0","100","0","33.60","0.00","2","0","16.80","0","2.6","0"
"finocam Taccuino Nexo Copertina Morbida Pagine Bianche Blu Marino, Taccuino A5 con Fogli Microforati, Tasca e Portapenna, 72 Fogli, Ideale per Scrivere e Disegnare","B0DV68CNCV","B0DV68CNCV","finocam","22903203","Archivio ufficio e accessori per scrivania","146","2","100","0","33.44","0.00","4","0","8.36","0","2.7","0"
"APS Vassoio Fast Food, infrangibile e Lavabile in lavastoviglie, Prodotto in Germania, 35 x 27 cm, Altezza 2 cm, Nero, 531, 35 x 27 cm, h: 2 cm","B004LOD80U","B004LOD80U","APS","32809430","32809400","145","299","100","0","33.38","133.53","3","17","11.13","0","2.1","5.7"
"Finocam Calendario da Tavolo Internazionale 2027 | Immagini Dogs - Calendario mensile - Pianificazione e Organizzazione","B0GYP2VRNR","B0GYP2VRNR","finocam","calendari","Organizzazione dell'ufficio","67","0","100","0","31.55","0.00","5","0","6.31","0","7.5","0"
"APS Vassoio fast food, infrangibile e lavabile in lavastoviglie, prodotto in Germania, 53 x 32,5 cm, altezza 2 cm (GN 1/1), grigio","B06XPJLTTL","B06XPJLTTL","APS","32809430","32809400","118","48","91.1","0","30.97","35.72","2","2","15.48","0","1.7","4.2"
"APS Vasetto portaoggetti Classico, Barattolo di Alta qualità da 4,0 Litri, Mantiene i Tuoi Prodotti freschi Attraverso Il Coperchio in Vetro con Contenitore di Tenuta","B07WCD2GYV","B07WCD2GYV","APS","Altro","32809400","71","84","96.8","0","29.12","121.32","1","4","29.12","0","1.4","4.8"
"Finocam Capri Agenda Settimanale 2027 | Happy","B0GYNRNJXC","B0GYNRNJXC","finocam","Diari per appuntamenti e agende","Archivio ufficio e accessori per scrivania","621","0","100","0","28.68","0.00","2","0","14.34","0","0.3","0"
"Finocam - Rubrica alfabetica a doppia spirale con chiusura a elastico | 48 fogli | Piccola rubrica alfabetica a doppia spirale 10 x 15 cm - colore Magenta","B07P6G7LYZ","B07P6G7LYZ","finocam","Blocchi appunti, taccuini e diari","Archivio ufficio e accessori per scrivania","204","76","100","0","27.88","49.20","4","6","6.97","0","2","7.9"
"Finocam Ikon Agenda 16 Mesi 2026 2027 | Nero","B0GJT437XZ","B0GJT437XZ","finocam","Diari per appuntamenti e agende","Archivio ufficio e accessori per scrivania","40","0","100","0","27.60","0.00","1","0","27.60","0","2.5","0"
"Finocam Calendario da Parete Internazionale 2027 | Immagini Charming - Calendario mensile - Pianificazione e Organizzazione","B0GYNTYRKM","B0GYNTYRKM","finocam","calendari","Organizzazione dell'ufficio","72","0","100","0","27.54","0.00","3","0","9.18","0","4.2","0"
"Finocam Calendario da Tavolo Numeri Grandi 2027 | Neutro - Lingua: Italiano - Calendario mensile - Pianificazione e Organizzazione","B0H397QQKM","B0H397QQKM","finocam","calendari","Organizzazione dell'ufficio","67","0","100","0","27.54","0.00","6","0","4.59","0","9","0"
"APS Vassoio fast food, infrangibile e lavabile in lavastoviglie, prodotto in Germania, 41 x 12 cm, altezza 2 cm, grigio, 538, 41 x 12 cm, h: 2 cm","B004LOD8BO","B004LOD8BO","APS","32809430","32809400","155","140","100","0","26.36","32.04","2","3","13.18","0","1.3","2.1"
"Finocam Calendario da Tavolo per Scrivere 2027 | Neutro - Lingua: Italiano - Calendario mensile - Pianificazione e Organizzazione","B0H393B1X3","B0H393B1X3","finocam","calendari","Organizzazione dell'ufficio","54","0","100","0","25.40","0.00","5","0","5.08","0","9.3","0"
"APS Borraccia in Acciaio Inox Resistente di Alta qualità, Bottiglia d'Acqua da 750 ml con Maniglia per Il Trasporto e Guarnizione di Ricambio.","B09BZ68NXD","B09BZ68NXD","APS","Altro","32809400","28","0","93.3","0","25.27","0.00","2","0","12.63","0","7.1","0"
"Finocam Moniquilla Quaderno Copertina Rigida | Pagina bianca | Rosso","B0GJSYG9MP","B0GJSYG9MP","finocam","Blocchi appunti, taccuini e diari","Archivio ufficio e accessori per scrivania","60","0","100","0","25.24","0.00","2","0","12.62","0","3.3","0"
"finocam Taccuino Nexo Copertina Morbida Pagine Bianche Turchese, Taccuino A5 con Fogli Microforati, Tasca e Portapenna, 72 Fogli, Ideale per Scrivere e Disegnare","B0DV5S5VVP","B0DV5S5VVP","finocam","22903203","Archivio ufficio e accessori per scrivania","22","2","100","0","25.08","0.00","3","0","8.36","0","13.6","0"
"finocam Taccuino Nexo Copertina Morbida Pagine Bianche Rosa, Taccuino A5 con Fogli Microforati, Tasca e Portapenna, 72 Fogli, Ideale per Scrivere e Disegnare","B0DV5SJB3Z","B0DV5SJB3Z","finocam","22903203","Archivio ufficio e accessori per scrivania","54","3","100","0","25.08","0.00","3","0","8.36","0","5.6","0"
"finocam Taccuino Nexo Copertina Morbida Righe Orizzontali Blu Marino, Taccuino A5 con Fogli Microforati, Tasca e Portapenna, 72 Fogli, Ideale per Scrivere","B0DV642GB5","B0DV642GB5","finocam","22903203","Archivio ufficio e accessori per scrivania","41","4","100","0","25.08","0.00","3","0","8.36","0","7.3","0"
"Finocam Optimal Agenda Giornaliera 2027 | Azzurro","B0GYP425XN","B0GYP425XN","finocam","Diari per appuntamenti e agende","Archivio ufficio e accessori per scrivania","2","0","100","0","25.00","0.00","1","0","25.00","0","50","0"
"Finocam - Agenda Mara 18 Mesi 2025 2026 1 Giorno per Pagina Luglio 2025 - Dicembre 2026 (18 mesi) Girl Internazionale","B0DV5RTJMB","B0DV5RTJMB","finocam","Diari per appuntamenti e agende","Archivio ufficio e accessori per scrivania","511","1089","100","0","24.44","281.49","4","17","6.11","0","0.8","1.6"
"Finocam - Portadocumenti A4 FOCUS - Nero | Poliuretano di alta qualità | Cartella con Cerniera - Portapenna e tasca interna per tablet | Dotato di blocco note","B085QVMWJW","B085QVMWJW","finocam","Organizer personali","Organizzazione dell'ufficio","45","0","100","0","22.30","0.00","1","0","22.30","0","2.2","0"
"Finocam Dynamic Mara Agenda Settimanale 2027 | Verde","B0GYNRKJZ3","B0GYNRKJZ3","finocam","Diari per appuntamenti e agende","Archivio ufficio e accessori per scrivania","64","0","100","0","21.32","0.00","2","0","10.66","0","3.1","0"
"Finocam - Rubrica telefonica a doppia spirale con chiusura a elastico | 48 fogli | Piccola agenda con rubrica telefonica a doppia spirale 10 x 15 cm - colore Magenta","B00L9ZQ978","B00L9ZQ978","finocam","Blocchi appunti, taccuini e diari","Archivio ufficio e accessori per scrivania","65","13","100","0","20.91","16.40","3","2","6.97","0","4.6","15.4"
"Finocam - Rubrica alfabetica a doppia spirale con chiusura a elastico | 48 fogli | Piccola rubrica alfabetica a doppia spirale 10 x 15 cm - colore Nero","B07P5HWPVZ","B07P5HWPVZ","finocam","Blocchi appunti, taccuini e diari","Archivio ufficio e accessori per scrivania","112","100","100","0","20.91","65.60","3","8","6.97","0","2.7","8"
"Finocam Calendario da Tavolo Internazionale 2027 | Immagini Charming - Calendario mensile - Pianificazione e Organizzazione","B0GYNL52LG","B0GYNL52LG","finocam","calendari","Organizzazione dell'ufficio","137","0","100","0","18.93","0.00","3","0","6.31","0","2.2","0"
"Finocam Calendario da Tavolo Internazionale 2027 | Immagini Traveling - Calendario mensile - Pianificazione e Organizzazione","B0GYNZ4RW6","B0GYNZ4RW6","finocam","calendari","Organizzazione dell'ufficio","136","0","100","0","18.93","0.00","3","0","6.31","0","2.2","0"
"finocam Taccuino Nexo Copertina Morbida Dotted Nero, Taccuino Piccolo con Fogli Microforati, Tasca e Portapenna, 72 Fogli, Ideale per Bullet Journal","B0DV5RRRB2","B0DV5RRRB2","finocam","22903203","Archivio ufficio e accessori per scrivania","71","31","100","0","18.82","18.02","3","3","6.27","0","4.2","9.7"
"Finocam Capri Agenda Settimanale 2027 | Happy","B0GYNX5HH5","B0GYNX5HH5","finocam","Diari per appuntamenti e agende","Archivio ufficio e accessori per scrivania","63","0","100","0","18.03","0.00","1","0","18.03","0","1.6","0"
"Finocam Spirale You Agenda Giornaliera 2027 | Foglie","B0GYNZLN6F","B0GYNZLN6F","finocam","Diari per appuntamenti e agende","Archivio ufficio e accessori per scrivania","34","0","100","0","16.80","0.00","1","0","16.80","0","2.9","0"
"Finocam Spirale You Agenda Giornaliera 2027 | Cotton","B0GYP2Q9H4","B0GYP2Q9H4","finocam","Diari per appuntamenti e agende","Archivio ufficio e accessori per scrivania","22","0","100","0","16.80","0.00","1","0","16.80","0","4.5","0"
"finocam Taccuino Nexo Copertina Morbida Pagine Bianche Azzurro, Taccuino Piccolo con Fogli Microforati, Tasca e Portapenna, 72 Fogli, Ideale per Scrivere e Disegnare","B0DV5QZHP4","B0DV5QZHP4","finocam","22903203","Archivio ufficio e accessori per scrivania","3","17","100","0","16.72","0.00","2","0","8.36","0","66.7","0"
"finocam Taccuino Nexo Copertina Morbida Pagine Bianche Verde Scuro, Taccuino A5 con Fogli Microforati, Tasca e Portapenna, 72 Fogli, Ideale per Scrivere e Disegnare","B0DV5S8N2P","B0DV5S8N2P","finocam","22903203","Archivio ufficio e accessori per scrivania","16","9","100","0","16.72","0.00","2","0","8.36","0","12.5","0"
"finocam Taccuino Nexo Copertina Morbida Pagine Bianche Fucsia, Taccuino A5 con Fogli Microforati, Tasca e Portapenna, 72 Fogli, Ideale per Scrivere e Disegnare","B0DV5SQPR3","B0DV5SQPR3","finocam","22903203","Archivio ufficio e accessori per scrivania","8","7","100","0","16.72","0.00","2","0","8.36","0","25","0"
"Finocam - Calendario con calamita 2026 Layout Mensile Gennaio - Dicembre 2026 12 mesi | Calendario 2026 per annotazioni | Planner mensile Design Bloc - Italiano, Magnetica Frigorifero, 250x200 mm","B0FG387VPT","B0FG387VPT","finocam","Diari per appuntamenti e agende","Archivio ufficio e accessori per scrivania","99","89","100","0","16.40","24.60","2","3","8.20","0","2","3.4"
"Finocam Haiku Planner mensile non datato | Layout Mensile | Nero · Internazionale - Planner","B0GJSTMQJV","B0GJSTMQJV","finocam","Organizer personali","Organizzazione dell'ufficio","78","0","100","0","16.40","0.00","4","0","4.10","0","5.1","0"
"finocam Agenda Minimal 18 Mesi 2025 2026 Settimana Layout Orizzontale Luglio 2025 Dicembre 2026 (18 mesi) Girl Internazionale","B0DV5R3KVQ","B0DV5R3KVQ","finocam","Diari per appuntamenti e agende","Archivio ufficio e accessori per scrivania","47","647","100","0","15.45","297.29","2","21","7.72","0","4.3","3.2"
"finocam Agenda Minimal 18 Mesi 2025 2026 Settimana Layout Orizzontale Luglio 2025 Dicembre 2026 (18 mesi) Nero Internazionale","B0DV5SG4SD","B0DV5SG4SD","finocam","Diari per appuntamenti e agende","Archivio ufficio e accessori per scrivania","55","194","100","0","15.07","50.48","3","4","5.02","0","5.5","2.1"
"APS Lattiera, set da 4, caraffe piccole per caffè panna/latte, caraffa per crema, capacità 25 ml ciascuna, acciaio inossidabile Articolo: Ø 3,5 cm, H: 3,5 cm","B004LO9D0E","B004LO9D0E","APS","32809430","32809400","19","16","100","0","14.96","14.43","1","1","14.96","0","5.3","6.3"
"Finocam Mara Agenda Settimanale 18 Mesi 2026 2027 | Daisy","B0GJSVYR6D","B0GJSVYR6D","finocam","Diari per appuntamenti e agende","Archivio ufficio e accessori per scrivania","130","0","99.2","0","14.34","0.00","1","0","14.34","0","0.8","0"
"Finocam Dynamic Porto Agenda Settimanale 2027 | Azzurro","B0GYNWBR7B","B0GYNWBR7B","finocam","Diari per appuntamenti e agende","Archivio ufficio e accessori per scrivania","92","0","100","0","13.44","0.00","2","0","6.72","0","2.2","0"
"Finocam Haiku Planner mensile non datato | Layout Mensile | Nero · Internazionale - Planner","B0GJSWVPBM","B0GJSWVPBM","finocam","Organizer personali","Organizzazione dell'ufficio","57","0","100","0","13.12","0.00","2","0","6.56","0","3.5","0"
"Finocam Haiku Planner mensile non datato | Layout Mensile | Verde · Internazionale - Planner","B0GJT1DK7K","B0GJT1DK7K","finocam","Organizer personali","Organizzazione dell'ufficio","61","0","100","0","13.12","0.00","2","0","6.56","0","3.3","0"
"Finocam Calendario da Parete Internazionale 2027 | Immagini Charming - Calendario mensile - Pianificazione e Organizzazione","B0GYNVJN8F","B0GYNVJN8F","finocam","calendari","Organizzazione dell'ufficio","82","0","100","0","13.12","0.00","2","0","6.56","0","2.4","0"
"APS Vassoio «Gastro», Vassoio Nero, Vassoio in Fibra di Vetro con Superficie Antiscivolo, Diametro 27,5 x Altezza 2 cm, Nero, 547, Diametro 27,5 cm, Altezza: 2 cm","B00N1G26IY","B00N1G26IY","APS","32809430","32809400","33","21","100","0","12.74","47.00","1","4","12.74","0","3","19"
"Finocam - Agenda 2026 1 Giorno per Pagina | Gennaio - Dicembre 12 mesi | Agenda A5 con elastico e nastro in tessuto | Copertina Morbida Capri - Happy - Internazionale","B0F9LFF9WD","B0F9LFF9WD","finocam","Diari per appuntamenti e agende","Archivio ufficio e accessori per scrivania","57","133","100","0","12.72","17.85","1","1","12.72","0","1.8","0.8"
"APS Vassoio fast food, infrangibile e lavabile in lavastoviglie, prodotto in Germania, 41 x 12 cm, altezza 2 cm, nero, 536, 41 x 12 cm, h: 2 cm","B004LOBCJO","B004LOBCJO","APS","32809430","32809400","25","70","67.8","0","12.69","12.94","1","1","12.69","0","4","1.4"
"APS misurino Circa Diametro 15,5 cm, Altezza 21 cm ca. 2L, Polipropilene (PP) Maniglia Chiusa, Goffrato Mass skalierung","B004LO7E3C","B004LO7E3C","APS","32809430","32809400","19","49","92.7","0","12.66","69.14","1","9","12.66","0","5.3","18.4"
"Finocam Calendario da Tavolo Internazionale 2027 | Immagini Venice - Calendario mensile - Pianificazione e Organizzazione","B0GYNV8ZQM","B0GYNV8ZQM","finocam","calendari","Organizzazione dell'ufficio","69","0","100","0","12.62","0.00","2","0","6.31","0","2.9","0"
"finocam - Taccuino Nexo Copertina Rigida Righe Orizzontali Nero| Taccuino Grande con Fogli Microforati | Tasca e Portapenna| 72 Fogli, Ideale per Scrivere","B0DV5STGHK","B0DV5STGHK","finocam","22903203","Archivio ufficio e accessori per scrivania","5","0","100","0","12.46","0.00","1","0","12.46","0","20","0"
"finocam - Taccuino Nexo Copertina Rigida Righe Orizzontali Camel| Taccuino Piccolo con Fogli Microforati | Tasca e Portapenna| 72 Fogli, Ideale per Scrivere","B0DV5SGCD6","B0DV5SGCD6","finocam","22903203","Archivio ufficio e accessori per scrivania","88","0","100","0","11.97","0.00","3","0","3.99","0","3.4","0"
"Finocam Planner Agenda 2027 Grigio - Internazionale - Organizzazione e Pianificazione - Agenda Mensile","B0GYP7BL44","B0GYP7BL44","finocam","Diari per appuntamenti e agende","Archivio ufficio e accessori per scrivania","92","0","100","0","11.80","0.00","2","0","5.90","0","2.2","0"
"Finocam Planner Agenda + Note 2027 | Layout Mensile + note | Grigio - Internazionale - Agenda Mensile.","B0GYNRZL6R","B0GYNRZL6R","finocam","Diari per appuntamenti e agende","Archivio ufficio e accessori per scrivania","43","0","100","0","11.72","0.00","1","0","11.72","0","2.3","0"
"APS Miscelatore con Coperchio - brocca dosatrice con Scala per liquidi (l/ml), Zucchero (g) e Farina (g) /Volume 1 litro/Diametro 12,5 cm/Altezza 16 cm/Lavabile in lavastoviglie...","B096Y2Y546","B096Y2Y546","APS","Altro","32809400","44","15","95.7","0","11.46","0.00","1","0","11.46","0","2.3","0"
"APS Vassoio fast food, infrangibile e lavabile in lavastoviglie, prodotto in Germania, 41 x 12 cm, altezza 2 cm, marrone, 537, 41 x 12 cm, h: 2 cm","B004LOD8AA","B004LOD8AA","APS","32809430","32809400","11","14","100","0","11.39","10.63","1","1","11.39","0","9.1","7.1"
"APS Vassoio fast food, infrangibile e lavabile in lavastoviglie, prodotto in Germania, 35 x 27 cm, altezza 2 cm, grigio","B004LOBCGC","B004LOBCGC","APS","32809430","32809400","174","338","98.2","0","11.13","19.12","1","2","11.13","0","0.6","0.6"
"Finocam - Agenda Planner + Appunti Layout Mensile 2026 Layout Mensile + appunti Gennaio 2026 - Dicembre 2026 12 mesi Grigio Internazionale, Medio - 250x200 mm","B0F9L9D316","B0F9L9D316","finocam","Diari per appuntamenti e agende","Archivio ufficio e accessori per scrivania","38","19","97","0","11.00","0.00","1","0","11.00","0","2.6","0"
"Finocam Moniquilla Quaderno Copertina Rigida | Pagina bianca | Azzurro","B0GJT17N96","B0GJT17N96","finocam","Blocchi appunti, taccuini e diari","Archivio ufficio e accessori per scrivania","179","0","100","0","10.73","0.00","1","0","10.73","0","0.6","0"
"Finocam Dynamic Mara Agenda Settimanale 2027 | Rosso","B0GYNX1N2Q","B0GYNX1N2Q","finocam","Diari per appuntamenti e agende","Archivio ufficio e accessori per scrivania","9","0","100","0","10.66","0.00","1","0","10.66","0","11.1","0"
"finocam Agenda Minimal 18 Mesi 2025 2026 Settimana Layout Orizzontale Luglio 2025 Dicembre 2026 (18 mesi) Nero Internazionale","B0DV5RRY4Q","B0DV5RRY4Q","finocam","Diari per appuntamenti e agende","Archivio ufficio e accessori per scrivania","26","107","100","0","10.26","44.43","2","3","5.13","0","7.7","2.8"
"finocam - Taccuino Nexo Copertina Rigida Pagine Bianche Rosso | Taccuino A5 con Fogli Microforati | Tasca e Portapenna | 72 Fogli, Ideale per Scrivere e Disegnare","B0DV5RNS84","B0DV5RNS84","finocam","22903203","Archivio ufficio e accessori per scrivania","7","2","100","0","9.76","0.00","1","0","9.76","0","14.3","0"
"finocam - Taccuino Nexo Copertina Rigida Pagine Bianche Azzurro | Taccuino A5 con Fogli Microforati | Tasca e Portapenna | 72 Fogli, Ideale per Scrivere e Disegnare","B0DV5SGZGV","B0DV5SGZGV","finocam","22903203","Archivio ufficio e accessori per scrivania","8","5","100","0","9.75","0.00","1","0","9.75","0","12.5","0"
"finocam - Taccuino Nexo Copertina Rigida Dotted Nero| Taccuino A5 con Fogli Microforati | Tasca e Portapenna| 72 Fogli, Ideale per Bullet Journal","B0DV5SXHWD","B0DV5SXHWD","finocam","22903203","Archivio ufficio e accessori per scrivania","4","2","100","0","9.75","0.00","1","0","9.75","0","25","0"
"finocam Agenda Minimal 18 Mesi 2025 2026 Settimana Layout Orizzontale Luglio 2025 Dicembre 2026 (18 mesi) Pretty Internazionale","B0DV5RVY3Y","B0DV5RVY3Y","finocam","Diari per appuntamenti e agende","Archivio ufficio e accessori per scrivania","263","641","100","0","9.14","208.40","2","17","4.57","0","0.8","2.7"
"APS Vassoio fast food, infrangibile e lavabile in lavastoviglie, prodotto in Germania, 35 x 27 cm, altezza 2 cm, marrone","B004LOEBCE","B004LOEBCE","APS","32809430","32809400","22","38","100","0","8.98","0.00","1","0","8.98","0","4.5","0"
"finocam Taccuino Nexo Copertina Morbida Pagine Bianche Giallo, Taccuino Piccolo con Fogli Microforati, Tasca e Portapenna, 72 Fogli, Ideale per Scrivere e Disegnare","B0DV5XDJDR","B0DV5XDJDR","finocam","22903203","Archivio ufficio e accessori per scrivania","8","12","100","0","8.83","8.75","1","1","8.83","0","12.5","8.3"
"finocam Taccuino Nexo Copertina Morbida Dotted Blu Marino, Taccuino A5 con Fogli Microforati, Tasca e Portapenna, 72 Fogli, Ideale per Bullet Journal","B0DV5RV4DS","B0DV5RV4DS","finocam","22903203","Archivio ufficio e accessori per scrivania","31","13","100","0","8.36","0.00","1","0","8.36","0","3.2","0"
"finocam Taccuino Nexo Copertina Morbida Pagine Bianche Camel, Taccuino A5 con Fogli Microforati, Tasca e Portapenna, 72 Fogli, Ideale per Scrivere e Disegnare","B0DV5RXRMG","B0DV5RXRMG","finocam","22903203","Archivio ufficio e accessori per scrivania","15","6","100","0","8.36","0.00","1","0","8.36","0","6.7","0"
"finocam Taccuino Nexo Copertina Morbida Righe Orizzontali Nero, Taccuino A5 con Fogli Microforati, Tasca e Portapenna, 72 Fogli, Ideale per Annotare e Scrivere","B0DV5S69BB","B0DV5S69BB","finocam","22903203","Archivio ufficio e accessori per scrivania","10","1","100","0","8.36","0.00","1","0","8.36","0","10","0"
"finocam Taccuino Nexo Copertina Morbida Righe Orizzontali Turchese, Taccuino A5 con Fogli Microforati, Tasca e Portapenna, 72 Fogli, Ideale per Scrivere","B0DV5SM5DS","B0DV5SM5DS","finocam","22903203","Archivio ufficio e accessori per scrivania","3","2","100","0","8.36","0.00","1","0","8.36","0","33.3","0"
"finocam Taccuino Nexo Copertina Morbida Pagine Bianche Azzurro, Taccuino A5 con Fogli Microforati, Tasca e Portapenna, 72 Fogli, Ideale per Scrivere e Disegnare","B0DV66LGJ2","B0DV66LGJ2","finocam","22903203","Archivio ufficio e accessori per scrivania","15","3","100","0","8.36","0.00","1","0","8.36","0","6.7","0"
"Finocam Haiku Planner mensile non datato | Layout Mensile | Azzurro · Internazionale - Planner","B0GJT6GKHR","B0GJT6GKHR","finocam","Organizer personali","Organizzazione dell'ufficio","204","0","99.5","0","8.20","0.00","2","0","4.10","0","1","0"
"Finocam Calendario Frigorifero da Parete con Calamita 2027 | Design - Lingua: Italiano - Calendario mensile - Pianificazione e Organizzazione","B0H394P8XQ","B0H394P8XQ","finocam","calendari","Organizzazione dell'ufficio","1","0","100","0","8.19","0.00","1","0","8.19","0","100","0"
"finocam Taccuino Nexo Copertina Morbida Pagine Bianche Nero, Taccuino A5 con Fogli Microforati, Tasca e Portapenna, 72 Fogli, Ideale per Scrivere e Disegnare","B0DV5S2BDS","B0DV5S2BDS","finocam","22903203","Archivio ufficio e accessori per scrivania","28","2","100","0","8.10","0.00","1","0","8.10","0","3.6","0"
"finocam - Quaderno Design Liscio Flamingo","B0D3F68K7V","B0D3F68K7V","finocam","Blocchi appunti, taccuini e diari","Archivio ufficio e accessori per scrivania","2","2","100","0","7.66","0.00","1","0","7.66","0","50","0"
"Finocam Moniquilla Quaderno Copertina Rigida | Pagina bianca | Rosso","B0GJT6GJTW","B0GJT6GJTW","finocam","Blocchi appunti, taccuini e diari","Archivio ufficio e accessori per scrivania","77","0","100","0","7.66","0.00","1","0","7.66","0","1.3","0"
"Finocam - Agenda 2026 Settimana Layout Verticale | Gennaio - Dicembre 12 mesi | Agenda A5 con elastico e nastro in tessuto | Copertina Morbida Capri - Happy - Internazionale, Settimanale Verticale","B0F9LFFG99","B0F9LFFG99","finocam","Diari per appuntamenti e agende","Archivio ufficio e accessori per scrivania","152","344","100","0","7.24","82.01","1","6","7.24","0","0.7","1.7"
"Finocam - Agenda Spirale 2026 1 Giorno per Pagina | Gennaio - Dicembre 12 mesi | Agenda Annuale 2026 con elastico | Doppia Spirale Copertina Rigida You - Foglie - Internazionale","B0F9LDSGY1","B0F9LDSGY1","finocam","Diari per appuntamenti e agende","Archivio ufficio e accessori per scrivania","32","44","100","0","7.22","0.00","2","0","3.61","0","6.3","0"
"Finocam Calendario da Parete per Scrivere 2027 | Neutro - Lingua: Italiano - Calendario mensile - Pianificazione e Organizzazione","B0H396D411","B0H396D411","finocam","calendari","Organizzazione dell'ufficio","11","0","100","0","7.13","0.00","1","0","7.13","0","9.1","0"
"finocam - Taccuino Nexo Copertina Rigida Pagine Bianche Nero | Taccuino Piccolo con Fogli Microforati | Tasca e Portapenna | 72 Fogli, Ideale per Scrivere e Disegnare","B0DV5SX6J9","B0DV5SX6J9","finocam","22903203","Archivio ufficio e accessori per scrivania","23","7","100","0","6.97","0.00","1","0","6.97","0","4.3","0"
"Finocam - Calendario da parete 2026 Layout Mensile Gennaio - Dicembre 2026 12 mesi | Calendario 2026 per annotazioni | Planner mensile Design - Italiano, Muro scrivere, 30x30-300x300 mm","B0FG3D5DJS","B0FG3D5DJS","finocam","Diari per appuntamenti e agende","Archivio ufficio e accessori per scrivania","48","21","100","0","6.97","0.00","1","0","6.97","0","2.1","0"
"finocam - Agenda 2022 Settimanale orizzontale, da Gennaio 2022 a Dicembre 2022 (12 mesi) E10-155x212 mm Spirale Year Blu Italiano","B096XV3SMY","B096XV3SMY","finocam","calendari","Organizzazione dell'ufficio","1","0","100","0","6.75","0.00","1","0","6.75","0","100","0"
"Finocam Dynamic Porto Design Agenda Settimanale 2027 | Camila","B0GYNTBZXT","B0GYNTBZXT","finocam","Diari per appuntamenti e agende","Archivio ufficio e accessori per scrivania","69","0","100","0","6.72","0.00","1","0","6.72","0","1.4","0"
"Finocam Dynamic Porto Agenda Settimanale 2027 | Rosso","B0GYNY2LSJ","B0GYNY2LSJ","finocam","Diari per appuntamenti e agende","Archivio ufficio e accessori per scrivania","11","0","100","0","6.72","0.00","1","0","6.72","0","9.1","0"
"Finocam Calendario da Parete Internazionale 2027 | Immagini Nature - Calendario mensile - Pianificazione e Organizzazione","B0GYNX1QXF","B0GYNX1QXF","finocam","calendari","Organizzazione dell'ufficio","117","0","100","0","6.56","0.00","1","0","6.56","0","0.9","0"
"Finocam Calendario da Parete Internazionale 2027 | Immagini Venice - Calendario mensile - Pianificazione e Organizzazione","B0GYNZFKQ9","B0GYNZFKQ9","finocam","calendari","Organizzazione dell'ufficio","42","0","100","0","6.56","0.00","1","0","6.56","0","2.4","0"
"Finocam Calendario da Parete Internazionale 2027 | Immagini Cats - Calendario mensile - Pianificazione e Organizzazione","B0GYP2V31W","B0GYP2V31W","finocam","calendari","Organizzazione dell'ufficio","43","0","100","0","6.56","0.00","1","0","6.56","0","2.3","0"
"finocam Agenda Minimal 18 Mesi 2025 2026 Settimana Layout Orizzontale Luglio 2025 Dicembre 2026 (18 mesi) Pretty Internazionale","B0DV5SPF75","B0DV5SPF75","finocam","Diari per appuntamenti e agende","Archivio ufficio e accessori per scrivania","27","279","100","0","6.40","197.39","1","14","6.40","0","3.7","5"
"Finocam Calendario da Tavolo Internazionale 2027 | Immagini Cats - Calendario mensile - Pianificazione e Organizzazione","B0GYNS9D5R","B0GYNS9D5R","finocam","calendari","Organizzazione dell'ufficio","7","0","100","0","6.32","0.00","1","0","6.32","0","14.3","0"
"finocam Taccuino Nexo Copertina Morbida Pagine Bianche Camel, Taccuino Piccolo con Fogli Microforati, Tasca e Portapenna, 72 Fogli, Ideale per Scrivere e Disegnare","B0DV5SF48G","B0DV5SF48G","finocam","22903203","Archivio ufficio e accessori per scrivania","12","23","100","0","5.88","7.38","1","1","5.88","0","8.3","4.3"
"Finocam - Agenda Mara 18 Mesi 2025 2026 Settimana Layout Verticale Luglio 2025 - Dicembre 2026 (18 mesi) Rosso Internazionale","B0DV5SM6CT","B0DV5SM6CT","finocam","Diari per appuntamenti e agende","Archivio ufficio e accessori per scrivania","26","138","100","0","5.88","59.38","1","5","5.88","0","3.8","3.6"
"Finocam Calendario da Tavolo Numeri Grandi 2027 | Neutro - Lingua: Italiano - Calendario mensile - Pianificazione e Organizzazione","B0H38YJG95","B0H38YJG95","finocam","calendari","Organizzazione dell'ufficio","24","0","100","0","4.84","0.00","1","0","4.84","0","4.2","0"
"Finocam Set di blocchetti adesivi Talkual - Organizzazione Personale","B08D3QC7MF","B08D3QC7MF","finocam","Organizer personali","Organizzazione dell'ufficio","1","0","100","0","3.28","0.00","1","0","3.28","0","100","0"
"Zuccheriera APS, zuccheriera con coperchio avvolgibile, in acciaio inox, 14 x 14 cm, altezza 14 cm","B000VJ6G0S","B000VJ6G0S","APS","32809430","32809400","18","5","88.5","0","0.00","0.00","0","0","0.00","0","0","0"
"APS Vassoio fast food, infrangibile e lavabile in lavastoviglie, prodotto in Germania, 41 x 12 cm, altezza 2 cm, rosso, 535, 41 x 12 cm, h: 2 cm","B004JHX138","B004JHX138","APS","32809430","32809400","10","21","100","0","0.00","0.00","0","0","0.00","0","0","0"
"APS Vassoio fast food, infrangibile e lavabile in lavastoviglie, prodotto in Germania, 45 x 35,5 cm, altezza 2 cm, marrone, 542, 45 x 35,5 cm, altezza: 2 cm","B004JI61HA","B004JI61HA","APS","32809430","32809400","11","8","100","0","0.00","0.00","0","0","0.00","0","0","0"
"APS Vassoio fast food, infrangibile e lavabile in lavastoviglie, prodotto in Germania, 35 x 27 cm, altezza 2 cm, rosso, 530, 35 x 27 cm, h: 2 cm","B004LOBCC6","B004LOBCC6","APS","32809430","32809400","14","23","100","0","0.00","12.45","0","1","0.00","0","0","4.3"
"APS Vassoio fast food, infrangibile e lavabile in lavastoviglie, prodotto in Germania, 45 x 35,5 cm, altezza 2 cm, rosso, 540, 45 x 35,5 cm, altezza: 2 cm","B004LOD8E6","B004LOD8E6","APS","32809430","32809400","1","7","100","0","0.00","0.00","0","0","0.00","0","0","0"
"APS Vassoio fast food, infrangibile e lavabile in lavastoviglie, prodotto in Germania, 45 x 35,5 cm, altezza 2 cm, nero","B004LOD8FU","B004LOD8FU","APS","32809430","32809400","33","21","81.3","0","0.00","0.00","0","0","0.00","0","0","0"
"APS Vassoio fast food, infrangibile e lavabile in lavastoviglie, prodotto in Germania, 45 x 35,5 cm, altezza 2 cm, grigio, 543, 45 x 35,5 cm, altezza: 2 cm","B005NYLIWW","B005NYLIWW","APS","32809430","32809400","44","20","97.2","0","0.00","22.75","0","1","0.00","0","0","5"
"APS 00027 avanzi della tavola contenitore Ø 10cm, H: 13cm, Acciaio inossidabile, raso lucido, coperchio basculante rimovibile, con chiusura a baionetta","B00J8G1VUU","B00J8G1VUU","APS","32809430","32809400","1","0","100","0","0.00","0.00","0","0","0.00","0","0","0"
"APS Vassoio da portata ""Gastro"", nero in vetroresina con superficie antiscivolo, Ø 35,5 x altezza 2 cm, nero","B00N1G27QA","B00N1G27QA","APS","32809430","32809400","0","4","0","0","0.00","0.00","0","0","0.00","0","0","0"
"Finocam - Portadocumenti A5 SERIE 00- Nero | Portadocumenti in Poliestere | Cartella con Cerniera - Portapenna e tasca interna per tablet | Dotato di blocco note","B0159DGBXC","B0159DGBXC","finocam","Organizer personali","Organizzazione dell'ufficio","4","0","100","0","0.00","0.00","0","0","0.00","0","0","0"
"Finocam - Rubrica alfabetica a doppia spirale con chiusura a elastico | 48 fogli | Piccola rubrica alfabetica a doppia spirale 10 x 15 cm - colore Blu","B01D025JGY","B01D025JGY","finocam","Blocchi appunti, taccuini e diari","Archivio ufficio e accessori per scrivania","63","23","100","0","0.00","16.40","0","2","0.00","0","0","8.7"
"APS Caraffa sottovuoto classica, 2 litri, caffettiera con tappo a vite, diametro 14 cm, altezza 19 cm,","B06XPKCGF5","B06XPKCGF5","APS","32809430","32809400","0","2","0","0","0.00","0.00","0","0","0.00","0","0","0"
"APS – Thermos in acciaio inox e polipropilene – Classic, Ø 14 cm, altezza: 19 cm, 1 litri","B06XPKRZFR","B06XPKRZFR","APS","Altro","32809400","2","5","100","0","0.00","0.00","0","0","0.00","0","0","0"
"APS Caraffa Classica da 1,5 Litri con Tappo a Vite Diametro 14 cm, Altezza 19 cm, Doppia Parete in Acciaio Inox, per Bevande Calde e Fredde, Non Lavabile in lavastoviglie, ca. 12 Tazze","B06XPKX7LB","B06XPKX7LB","APS","Altro","32809400","2","1","100","0","0.00","0.00","0","0","0.00","0","0","0"
"APS Caraffa Termica con pompa – Budget-in acciaio inox e polipropilene, Ø 13,5 cm, altezza: 32,5 cm","B06XPKX7LG","B06XPKX7LG","APS","32809430","32809400","17","40","100","0","0.00","71.64","0","3","0.00","0","0","7.5"
"APS Vassoio fast food, infrangibile e lavabile in lavastoviglie, prodotto in Germania, 53 x 32,5 cm, altezza 2 cm (GN 1/1), rosso, 552, 53 x 32,5 cm, h: 2 cm","B06XPL88X5","B06XPL88X5","APS","32809430","32809400","2","5","100","0","0.00","0.00","0","0","0.00","0","0","0"
"APS Vassoio Fast Food, infrangibile e Lavabile in lavastoviglie, Prodotto in Germania, 53 x 32,5 cm, Altezza 2 cm (GN 1/1), Marrone, 554, 53 x 32,5 cm, Altezza: 2 cm","B06XPM4JDB","B06XPM4JDB","APS","32809430","32809400","46","11","100","0","0.00","0.00","0","0","0.00","0","0","0"
"Finocam - Libro delle Firme DinA4 Event Beige","B07P8Q6PXD","B07P8Q6PXD","finocam","Blocchi appunti, taccuini e diari","Archivio ufficio e accessori per scrivania","0","4","0","0","0.00","0.00","0","0","0.00","0","0","0"
"Finocam Set di blocchetti adesivi Talkual - Organizzazione Personale","B07TCPX2PP","B07TCPX2PP","finocam","Organizer personali","Organizzazione dell'ufficio","14","0","100","0","0.00","0.00","0","0","0.00","0","0","0"
"APS - Barattolo in Vetro","B07W738F8G","B07W738F8G","APS","Altro","32809400","1","1","100","0","0.00","0.00","0","0","0.00","0","0","0"
"APS - Barattolo in Vetro","B07W99TKXC","B07W99TKXC","APS","Altro","32809400","1","6","100","0","0.00","23.34","0","2","0.00","0","0","33.3"
"APS - Barattolo in Vetro","B07WLP1JLQ","B07WLP1JLQ","APS","Altro","32809400","4","7","100","0","0.00","54.63","0","3","0.00","0","0","42.9"
"Finocam-Agenda 2021 Giornaliera con rilegatura a Spriale Year Nero Internazionale","B08LQR9RSC","B08LQR9RSC","finocam","calendari","Organizzazione dell'ufficio","0","0","0","0","0.00","0.00","0","0","0.00","0","0","0"
"finocam Agenda 2022 Giornaliera, da Gennaio 2022 a Dicembre 2022 (12 mesi) E10-155x212 mm Spirale Design Collection Moon Italiano","B096XSLT97","B096XSLT97","finocam","calendari","Organizzazione dell'ufficio","0","1","0","0","0.00","0.00","0","0","0.00","0","0","0"
"finocam Agenda 2022 Settimanale orizzontale, da Gennaio 2022 a Dicembre 2022 (12 mesi) E10-155x212 mm Spirale Design Collection Moon Italiano","B096XTXKCL","B096XTXKCL","finocam","calendari","Organizzazione dell'ufficio","0","1","0","0","0.00","0.00","0","0","0.00","0","0","0"
"finocam - Agenda 2022 Giornaliera, da Gennaio 2022 a Dicembre 2022 (12 mesi) E10-155x212 mm Spirale Year Nero Italiano","B096XVBXCZ","B096XVBXCZ","finocam","calendari","Organizzazione dell'ufficio","0","1","0","0","0.00","0.00","0","0","0.00","0","0","0"
"finocam - Agenda 2022 Settimanale orizzontale, da Gennaio 2022 a Dicembre 2022 (12 mesi) E10-155x212 mm Spirale Design Collection Goldy Italiano","B096XVYK1D","B096XVYK1D","finocam","calendari","Organizzazione dell'ufficio","0","0","0","0","0.00","0.00","0","0","0.00","0","0","0"
"finocam Agenda 2022 Settimanale orizzontale, da Gennaio 2022 a Dicembre 2022 (12 mesi) E10-155x212 mm Spirale Year Nero Italiano","B096XWY4NR","B096XWY4NR","finocam","calendari","Organizzazione dell'ufficio","2","0","100","0","0.00","0.00","0","0","0.00","0","0","0"
"APS Portapranzo in Acciaio Inox Resistente di Alta qualità da 800 ml con divisore/Contenitore per Alimenti a Prova di perdite, Scatola bento per Bambini, Tempo Libero e Adulti, Piccolo portapranzo","B09BRB9PV8","B09BRB9PV8","APS","Altro","32809400","1","1","100","0","0.00","0.00","0","0","0.00","0","0","0"
"APS Portapranzo in Acciaio Inox Resistente di Alta qualità da 1100 ml con divisore/Contenitore per Alimenti a Prova di perdite, Scatola bento per Bambini, Tempo Libero e Adulti, portapranzo Medio","B09BVJD178","B09BVJD178","APS","Altro","32809400","2","1","100","0","0.00","0.00","0","0","0.00","0","0","0"
"finocam - Agenda 2022 2023 Mara 18 Mesi Settimanale Layout Verticale Luglio 2022 - Dicembre 2023, Nero Internazionale, DIN A5 (Y10-140x204 mm)","B09QX5KJ4M","B09QX5KJ4M","finocam","Organizer personali","Organizzazione dell'ufficio","0","0","0","0","0.00","0.00","0","0","0.00","0","0","0"
"Finocam - Agenda 2022 2023 Ikon 16 mesi Settimanale Layout Verticale Settembre 2022 - Dicembre 2023 (16 mesi) Nero Internazionale","B09QX64JWR","B09QX64JWR","finocam","Agende e planner per appuntamenti giornalieri","Archivio ufficio e accessori per scrivania","0","0","0","0","0.00","0.00","0","0","0.00","0","0","0"
"finocam - Agenda 2022 2023 Spirale 18 Mesi 2 Giorni a Pagina Luglio 2022 - Dicembre 2023 (18 mesi) Travel Internazionale","B09R1SNZ6Y","B09R1SNZ6Y","finocam","Organizer personali","Organizzazione dell'ufficio","0","0","0","0","0.00","0.00","0","0","0.00","0","0","0"
"Finocam - Agenda 2022 2023 Vitae 16 mesi Settimana Layout Orizzontale Settembre 2022 - Dicembre 2023 (16 mesi) Blu Italiano","B09TRCKK5Y","B09TRCKK5Y","finocam","Organizer personali","Organizzazione dell'ufficio","3","1","100","0","0.00","0.00","0","0","0.00","0","0","0"
"Finocam - Agenda 2022 2023 Vitae 16 mesi Settimana Layout Orizzontale Settembre 2022 - Dicembre 2023 (16 mesi) Nero Italiano","B09TRDDF4J","B09TRDDF4J","finocam","Diari per appuntamenti e agende","Archivio ufficio e accessori per scrivania","2","1","100","0","0.00","0.00","0","0","0.00","0","0","0"
"Finocam Accessorio con 4 Anelli Rimovibile","B09X1958PV","B09X1958PV","finocam","Organizer personali","Organizzazione dell'ufficio","7","0","100","0","0.00","0.00","0","0","0.00","0","0","0"
"Finocam - Agenda Mínimal 18 Mesi 2023 2024 Settimana Layout Orizzontale Luglio 2023 - Dicembre 2024 (18 mesi) Girl Internazionale","B0BS48V3XG","B0BS48V3XG","finocam","Organizer personali","Organizzazione dell'ufficio","1","0","100","0","0.00","0.00","0","0","0.00","0","0","0"
"Finocam - Agenda Espiral 18 Mesi 2023 2024 Settimana Layout Orizzontale Luglio 2023 - Dicembre 2024 (18 mesi) Lady Internazionale","B0BS4B1NKG","B0BS4B1NKG","finocam","Organizer personali","Organizzazione dell'ufficio","1","1","100","0","0.00","0.00","0","0","0.00","0","0","0"
"Finocam - Agenda Espiral 18 Mesi 2023 2024 Settimana Layout Orizzontale Luglio 2023 - Dicembre 2024 (18 mesi) Nero Internazionale","B0BS4B64Q7","B0BS4B64Q7","finocam","Organizer personali","Organizzazione dell'ufficio","0","0","0","0","0.00","0.00","0","0","0.00","0","0","0"
"Finocam - Agenda Mínimal 18 Mesi 2023 2024 Settimana Layout Orizzontale Luglio 2023 - Dicembre 2024 (18 mesi) Pretty Internazionale","B0BS4B89CG","B0BS4B89CG","finocam","Organizer personali","Organizzazione dell'ufficio","2","15","100","0","0.00","0.00","0","0","0.00","0","0","0"
"Finocam - Agenda Espiral 18 Mesi 2023 2024 2 Giorni per Pagina Luglio 2023 - Dicembre 2024 (18 mesi) Lady Internazionale","B0BS4BB9X3","B0BS4BB9X3","finocam","Organizer personali","Organizzazione dell'ufficio","0","0","0","0","0.00","0.00","0","0","0.00","0","0","0"
"Finocam - Agenda Mara 18 Mesi 2023 2024 Settimana Layout Verticale Luglio 2023 - Dicembre 2024 (18 mesi) Lady Internazionale","B0BS4BM5SS","B0BS4BM5SS","finocam","Organizer personali","Organizzazione dell'ufficio","3","6","100","0","0.00","0.00","0","0","0.00","0","0","0"
"Finocam - Agenda Espiral 18 Mesi 2023 2024 Settimana Layout Orizzontale Luglio 2023 - Dicembre 2024 (18 mesi) Girl Internazionale","B0BS4BMRLJ","B0BS4BMRLJ","finocam","Organizer personali","Organizzazione dell'ufficio","2","1","100","0","0.00","0.00","0","0","0.00","0","0","0"
"Finocam - Quaderno Flexi Design Liscio Butterfly","B0BS4BZ9FG","B0BS4BZ9FG","finocam","Blocchi appunti, taccuini e diari","Archivio ufficio e accessori per scrivania","0","0","0","0","0.00","0.00","0","0","0.00","0","0","0"
"Finocam - Agenda Ikon 16 Mesi 2023 2024 Settimana Layout Verticale Settembre 2023 - Dicembre 2024 (16 mesi) Fiori Internazionale","B0BS4CDNXD","B0BS4CDNXD","finocam","Organizer personali","Organizzazione dell'ufficio","0","0","0","0","0.00","0.00","0","0","0.00","0","0","0"
"Finocam - Agenda Mínimal 18 Mesi 2023 2024 Settimana Layout Orizzontale Luglio 2023 - Dicembre 2024 (18 mesi) Girl Internazionale","B0BS4D82CL","B0BS4D82CL","finocam","Organizer personali","Organizzazione dell'ufficio","5","3","100","0","0.00","0.00","0","0","0.00","0","0","0"
"Finocam - Agenda Planner Layout Mensile 2024 Layout mensile Gennaio 2024 - Dicembre 2024 (12 mesi) Grigio Internazionale","B0C2V8H3TZ","B0C2V8H3TZ","finocam","Diari per appuntamenti e agende","Archivio ufficio e accessori per scrivania","0","0","0","0","0.00","0.00","0","0","0.00","0","0","0"
"Finocam - Calendario Immagini da Parete 2024 Gennaio 2024 - Dicembre 2024 (12 mesi) Dogs Internazionale","B0C2V921RQ","B0C2V921RQ","finocam","Organizer personali","Organizzazione dell'ufficio","0","0","0","0","0.00","0.00","0","0","0.00","0","0","0"
"Finocam - Calendario Immagini da Tavolo 2024 Gennaio 2024 - Dicembre 2024 (12 mesi) Dogs Internazionale","B0C2VBJ2LV","B0C2VBJ2LV","finocam","Calendari e articoli da scrivania","Archivio ufficio e accessori per scrivania","1","3","100","0","0.00","0.00","0","0","0.00","0","0","0"
"Finocam - Agenda Espiral Opaque 2024 Layout Settimanale Orizzontale Gennaio 2024 - Dicembre 2024 (12 mesi) Viola Internazionale","B0C2VC1D3G","B0C2VC1D3G","finocam","Organizer personali","Organizzazione dell'ufficio","0","0","0","0","0.00","0.00","0","0","0.00","0","0","0"
"Finocam - Calendario Immagini da Tavolo 2024 Gennaio 2024 - Dicembre 2024 (12 mesi) Cats Internazionale","B0C2VDXV8L","B0C2VDXV8L","finocam","Calendari e articoli da scrivania","Archivio ufficio e accessori per scrivania","0","0","0","0","0.00","0.00","0","0","0.00","0","0","0"
"Finocam - Agenda Espiral Opaque 2024 1 Giorno per Pagina Gennaio 2024 - Dicembre 2024 (12 mesi) Blu Internazionale","B0C2VFT7GM","B0C2VFT7GM","finocam","Organizer personali","Organizzazione dell'ufficio","1","1","100","0","0.00","0.00","0","0","0.00","0","0","0"
"Finocam - Agenda Espiral Design Collection 2024 Layout Settimanale Orizzontale Gennaio 2024 - Dicembre 2024 (12 mesi) Moon Internazionale","B0C33BJ5FL","B0C33BJ5FL","finocam","Organizer personali","Organizzazione dell'ufficio","0","1","0","0","0.00","0.00","0","0","0.00","0","0","0"
"Finocam - Agenda Espiral Design Collection 2024 1 Giorno per Pagina Gennaio 2024 - Dicembre 2024 (12 mesi) Selva Internazionale","B0C33BKMTZ","B0C33BKMTZ","finocam","Organizer personali","Organizzazione dell'ufficio","0","0","0","0","0.00","0.00","0","0","0.00","0","0","0"
"Finocam - Agenda Espiral Design Collection 2024 Layout Settimanale Orizzontale Gennaio 2024 - Dicembre 2024 (12 mesi) Ora Internazionale","B0C33BRVX2","B0C33BRVX2","finocam","Organizer personali","Organizzazione dell'ufficio","1","0","100","0","0.00","0.00","0","0","0.00","0","0","0"
"Finocam - Agenda Espiral Design Collection 2024 1 Giorno per Pagina Gennaio 2024 - Dicembre 2024 (12 mesi) Ora Internazionale","B0C33CCPWW","B0C33CCPWW","finocam","Organizer personali","Organizzazione dell'ufficio","0","0","0","0","0.00","0.00","0","0","0.00","0","0","0"
"Finocam - Agenda Espiral Design Collection 2024 Layout Settimanale Orizzontale Gennaio 2024 - Dicembre 2024 (12 mesi) Impossibile Internazionale","B0C33CZWXX","B0C33CZWXX","finocam","Organizer personali","Organizzazione dell'ufficio","0","0","0","0","0.00","0.00","0","0","0.00","0","0","0"
"Finocam - Agenda Espiral Opaque 2024 Layout Settimanale Orizzontale Gennaio 2024 - Dicembre 2024 (12 mesi) Blu Internazionale","B0C33DMKQ8","B0C33DMKQ8","finocam","Organizer personali","Organizzazione dell'ufficio","0","0","0","0","0.00","0.00","0","0","0.00","0","0","0"
"Finocam - Calendario Neutro da Parete per Scrivere 2024 Gennaio 2024 - Dicembre 2024 (12 mesi) Italiano","B0C3VF5XRL","B0C3VF5XRL","finocam","Organizer personali","Organizzazione dell'ufficio","0","0","0","0","0.00","0.00","0","0","0.00","0","0","0"
"Finocam - Agenda Espiral Opaque 2024 Layout Settimanale Orizzontale Gennaio 2024 - Dicembre 2024 (12 mesi) Nero Italiano","B0C3VFNPFP","B0C3VFNPFP","finocam","Organizer personali","Organizzazione dell'ufficio","0","0","0","0","0.00","0.00","0","0","0.00","0","0","0"
"Finocam - Agenda Espiral Design Collection 2024 Layout Settimanale Orizzontale Gennaio 2024 - Dicembre 2024 (12 mesi) Impossibile Italiano","B0C3VFT7VZ","B0C3VFT7VZ","finocam","Organizer personali","Organizzazione dell'ufficio","0","0","0","0","0.00","0.00","0","0","0.00","0","0","0"
"Finocam - Agenda Espiral Design Collection 2024 1 Giorno per Pagina Gennaio 2024 - Dicembre 2024 (12 mesi) Impossibile Italiano","B0C3VGRNS7","B0C3VGRNS7","finocam","Organizer personali","Organizzazione dell'ufficio","0","0","0","0","0.00","0.00","0","0","0.00","0","0","0"
"finocam - Rubrica telefonica Phone DinA5 Spirale doppia Nero, din a5 (148x210 mm) (Confezione da 2)","B0CPFC26KP","B0CPFC26KP","finocam","Blocchi appunti, taccuini e diari","Archivio ufficio e accessori per scrivania","29","6","100","0","0.00","0.00","0","0","0.00","0","0","0"
"APS Vaso di stoccaggio Classic - Vaso di stoccaggio in vetro di alta qualità con una capacità di 4,0 litri (Confezione da 2)","B0CSXLP4S7","B0CSXLP4S7","APS","32809420","32809400","0","0","0","0","0.00","0.00","0","0","0.00","0","0","0"
"Finocam - Agenda Espiral 18 Mesi 2024 2025 2 Giorni per Pagina Luglio 2024 - Dicembre 2025 (18 mesi) Daisy Internazionale","B0CTMSK4TH","B0CTMSK4TH","finocam","Organizer personali","Organizzazione dell'ufficio","0","1","0","0","0.00","0.00","0","0","0.00","0","0","0"
"Finocam - Agenda Mara 18 Mesi 2024 2025 Settimana Layout Verticale Luglio 2024 - Dicembre 2025 (18 mesi) Nero Internazionale","B0CTMT163V","B0CTMT163V","finocam","Organizer personali","Organizzazione dell'ufficio","1","9","100","0","0.00","0.00","0","0","0.00","0","0","0"
"Finocam - Agenda Espiral 18 Mesi 2024 2025 2 Giorni per Pagina Luglio 2024 - Dicembre 2025 (18 mesi) Nero Internazionale","B0CTMT1S9K","B0CTMT1S9K","finocam","Organizer personali","Organizzazione dell'ufficio","0","4","0","0","0.00","0.00","0","0","0.00","0","0","0"
"Finocam - Agenda Mínimal 18 Mesi 2024 2025 Settimana Layout Orizzontale Luglio 2024 - Dicembre 2025 (18 mesi) Pretty Internazionale","B0CTMT9LVP","B0CTMT9LVP","finocam","Organizer personali","Organizzazione dell'ufficio","11","21","100","0","0.00","0.00","0","0","0.00","0","0","0"
"Finocam - Agenda Mínimal 18 Mesi 2024 2025 Settimana Layout Orizzontale Luglio 2024 - Dicembre 2025 (18 mesi) Daisy Internazionale","B0CTMTCBM9","B0CTMTCBM9","finocam","Organizer personali","Organizzazione dell'ufficio","0","10","0","0","0.00","0.00","0","0","0.00","0","0","0"
"Finocam - Agenda Dotted 16 Mesi 2024 2025 Settimana Layout Orizzontale Settembre 2024 - Dicembre 2025 (16 mesi) Marga Internazionale","B0CTMTNSXL","B0CTMTNSXL","finocam","Organizer personali","Organizzazione dell'ufficio","2","17","100","0","0.00","0.00","0","0","0.00","0","0","0"
"Finocam - Agenda Mara 18 Mesi 2024 2025 1 Giorno per Pagina Luglio 2024 - Dicembre 2025 (18 mesi) Daisy Internazionale","B0CTMTPNWP","B0CTMTPNWP","finocam","Organizer personali","Organizzazione dell'ufficio","1","17","100","0","0.00","0.00","0","0","0.00","0","0","0"
"finocam - Quaderno Design Liscio Lion","B0D3F2C3XM","B0D3F2C3XM","finocam","Blocchi appunti, taccuini e diari","Archivio ufficio e accessori per scrivania","4","0","100","0","0.00","0.00","0","0","0.00","0","0","0"
"Finocam - Agenda Spirale You 2025 Layout Settimanale Verticale Gennaio 2025 - Dicembre 2025 (12 mesi) Tulip Internazionale","B0D3F448W8","B0D3F448W8","finocam","Diari per appuntamenti e agende","Archivio ufficio e accessori per scrivania","0","2","0","0","0.00","0.00","0","0","0.00","0","0","0"
"Finocam - Calendario Immagini da Parete Internazionale 2025 Layout Mensile Gennaio 2025 - Dicembre 2025 (12 mesi) Dogs Internazionale","B0D3F47268","B0D3F47268","finocam","calendari","Organizzazione dell'ufficio","1","39","100","0","0.00","3.86","0","1","0.00","0","0","2.6"
"finocam - Quaderno Class Liscio Rosso","B0D3F53DRY","B0D3F53DRY","finocam","Blocchi appunti, taccuini e diari","Archivio ufficio e accessori per scrivania","1","1","100","0","0.00","0.00","0","0","0.00","0","0","0"
"finocam - Quaderno Design Liscio Lion","B0D3F568BP","B0D3F568BP","finocam","Blocchi appunti, taccuini e diari","Archivio ufficio e accessori per scrivania","1","0","100","0","0.00","0.00","0","0","0.00","0","0","0"
"finocam - Quaderno Design Liscio Mountain","B0D3F5GXRS","B0D3F5GXRS","finocam","Blocchi appunti, taccuini e diari","Archivio ufficio e accessori per scrivania","6","0","100","0","0.00","0.00","0","0","0.00","0","0","0"
"finocam - Quaderno Modern Liscio Celeste","B0D3F5MTPZ","B0D3F5MTPZ","finocam","Blocchi appunti, taccuini e diari","Archivio ufficio e accessori per scrivania","0","0","0","0","0.00","0.00","0","0","0.00","0","0","0"
"Finocam - Agenda Dynamic Porto Design 2025 1 Pagina per Giorno Gennaio 2025 - Dicembre 2025 (12 mesi) Magnolia Internazionale","B0D3F5QZ4D","B0D3F5QZ4D","finocam","Diari per appuntamenti e agende","Archivio ufficio e accessori per scrivania","0","0","0","0","0.00","0.00","0","0","0.00","0","0","0"
"Finocam - Agenda Spirale You 2025 Layout Settimanale Verticale Gennaio 2025 - Dicembre 2025 (12 mesi) Spring Internazionale","B0D3F5RWPP","B0D3F5RWPP","finocam","Diari per appuntamenti e agende","Archivio ufficio e accessori per scrivania","0","0","0","0","0.00","0.00","0","0","0.00","0","0","0"
"finocam - Quaderno Modern Dotted-Puntinato Nero","B0D3F5TJBL","B0D3F5TJBL","finocam","Blocchi appunti, taccuini e diari","Archivio ufficio e accessori per scrivania","10","0","100","0","0.00","0.00","0","0","0.00","0","0","0"
"finocam - Quaderno Design Liscio Butterfly","B0D3F5WQ51","B0D3F5WQ51","finocam","Blocchi appunti, taccuini e diari","Archivio ufficio e accessori per scrivania","3","0","100","0","0.00","0.00","0","0","0.00","0","0","0"
"Finocam - Agenda Dynamic Mara 2025 Layout Settimanale Verticale Gennaio 2025 - Dicembre 2025 (12 mesi) Nero Internazionale","B0D3F5WRRJ","B0D3F5WRRJ","finocam","Diari per appuntamenti e agende","Archivio ufficio e accessori per scrivania","0","4","0","0","0.00","0.00","0","0","0.00","0","0","0"
"finocam - Quaderno Modern Dotted-Puntinato Nero","B0D3F5X5NK","B0D3F5X5NK","finocam","Blocchi appunti, taccuini e diari","Archivio ufficio e accessori per scrivania","1","1","100","0","0.00","0.00","0","0","0.00","0","0","0"
"finocam - Quaderno Class Liscio Nero","B0D3F5X6WG","B0D3F5X6WG","finocam","Blocchi appunti, taccuini e diari","Archivio ufficio e accessori per scrivania","3","0","100","0","0.00","0.00","0","0","0.00","0","0","0"
"finocam - Quaderno Modern Liscio Rosa","B0D3F5Z1B9","B0D3F5Z1B9","finocam","Blocchi appunti, taccuini e diari","Archivio ufficio e accessori per scrivania","1","0","100","0","0.00","0.00","0","0","0.00","0","0","0"
"Finocam - Calendario Immagini da Tavolo Internazionale 2025 Layout Mensile Gennaio 2025 - Dicembre 2025 (12 mesi) Nature Internazionale","B0D3F61KR1","B0D3F61KR1","finocam","calendari","Organizzazione dell'ufficio","0","79","0","0","0.00","33.01","0","7","0.00","0","0","8.9"
"finocam - Quaderno Modern Dotted-Puntinato Rosso","B0D3F63LGL","B0D3F63LGL","finocam","Blocchi appunti, taccuini e diari","Archivio ufficio e accessori per scrivania","6","0","100","0","0.00","0.00","0","0","0.00","0","0","0"
"finocam - Quaderno Modern Dotted-Puntinato Rosa","B0D3F641RS","B0D3F641RS","finocam","Blocchi appunti, taccuini e diari","Archivio ufficio e accessori per scrivania","0","1","0","0","0.00","0.00","0","0","0.00","0","0","0"
"finocam - Quaderno Modern Liscio Rosa","B0D3F64MLC","B0D3F64MLC","finocam","Blocchi appunti, taccuini e diari","Archivio ufficio e accessori per scrivania","1","0","100","0","0.00","0.00","0","0","0.00","0","0","0"
"finocam - Quaderno Modern Liscio Nero","B0D3F695NM","B0D3F695NM","finocam","Blocchi appunti, taccuini e diari","Archivio ufficio e accessori per scrivania","1","0","100","0","0.00","0.00","0","0","0.00","0","0","0"
"finocam - Quaderno Modern Dotted-Puntinato Blu","B0D3F6J4QB","B0D3F6J4QB","finocam","Blocchi appunti, taccuini e diari","Archivio ufficio e accessori per scrivania","5","0","100","0","0.00","0.00","0","0","0.00","0","0","0"
"finocam - Quaderno Design Liscio Butterfly","B0D3F6SNRD","B0D3F6SNRD","finocam","Blocchi appunti, taccuini e diari","Archivio ufficio e accessori per scrivania","1","0","100","0","0.00","0.00","0","0","0.00","0","0","0"
"finocam - Quaderno Design Liscio Mountain","B0D3F6WRR9","B0D3F6WRR9","finocam","Blocchi appunti, taccuini e diari","Archivio ufficio e accessori per scrivania","1","0","100","0","0.00","0.00","0","0","0.00","0","0","0"
"finocam - Quaderno Design Liscio Love","B0D3F6XCHF","B0D3F6XCHF","finocam","Blocchi appunti, taccuini e diari","Archivio ufficio e accessori per scrivania","1","0","100","0","0.00","0.00","0","0","0.00","0","0","0"
"finocam - Quaderno Modern Liscio Nero","B0D3F6ZC3V","B0D3F6ZC3V","finocam","Blocchi appunti, taccuini e diari","Archivio ufficio e accessori per scrivania","1","0","100","0","0.00","0.00","0","0","0.00","0","0","0"
"finocam - Quaderno Class Liscio Nero","B0D3F73933","B0D3F73933","finocam","Blocchi appunti, taccuini e diari","Archivio ufficio e accessori per scrivania","0","0","0","0","0.00","0.00","0","0","0.00","0","0","0"
"finocam - Quaderno Modern Liscio Blu","B0D3F76Y88","B0D3F76Y88","finocam","Blocchi appunti, taccuini e diari","Archivio ufficio e accessori per scrivania","1","0","100","0","0.00","0.00","0","0","0.00","0","0","0"
"finocam - Quaderno Modern Liscio Verde","B0D3F788ZP","B0D3F788ZP","finocam","Blocchi appunti, taccuini e diari","Archivio ufficio e accessori per scrivania","0","0","0","0","0.00","0.00","0","0","0.00","0","0","0"
"Finocam - Calendario Bloc Design da Parete con Calamita per Scrivere 2025 Layout Mensile Gennaio 2025 - Dicembre 2025 (12 mesi) Italiano","B0D7QBP14H","B0D7QBP14H","finocam","calendari","Organizzazione dell'ufficio","0","32","0","0","0.00","0.00","0","0","0.00","0","0","0"
"Finocam - Agenda Spirale Design Collection 2025 1 Pagina per Giorno Gennaio 2025 - Dicembre 2025 (12 mesi) Goldy Italiano","B0D7QCYX6J","B0D7QCYX6J","finocam","Diari per appuntamenti e agende","Archivio ufficio e accessori per scrivania","0","25","0","0","0.00","0.00","0","0","0.00","0","0","0"
"Finocam - Calendario Neutro da Parete per Scrivere 2025 Layout Mensile Gennaio 2025 - Dicembre 2025 (12 mesi) Italiano","B0D7QD3N4C","B0D7QD3N4C","finocam","calendari","Organizzazione dell'ufficio","0","20","0","0","0.00","0.00","0","0","0.00","0","0","0"
"Finocam - Agenda Spirale Design Collection 2025 1 Pagina per Giorno Gennaio 2025 - Dicembre 2025 (12 mesi) Gala Italiano","B0D7QF821D","B0D7QF821D","finocam","Diari per appuntamenti e agende","Archivio ufficio e accessori per scrivania","8","8","100","0","0.00","0.00","0","0","0.00","0","0","0"
"finocam Agenda Spirale 18 Mesi 2025 2026 Settimana Layout Orizzontale Luglio 2025 Dicembre 2026 (18 mesi) Nero Internazionale","B0DV5Q16GH","B0DV5Q16GH","finocam","Diari per appuntamenti e agende","Archivio ufficio e accessori per scrivania","0","159","0","0","0.00","10.40","0","1","0.00","0","0","0.6"
"finocam - Taccuino Nexo Copertina Rigida Pagine Bianche Blu Marino | Taccuino A5 con Fogli Microforati | Tasca e Portapenna | 72 Fogli, Ideale per Scrivere e Disegnare","B0DV5Q5VJ3","B0DV5Q5VJ3","finocam","22903203","Archivio ufficio e accessori per scrivania","11","2","100","0","0.00","0.00","0","0","0.00","0","0","0"
"finocam - Taccuino Nexo Copertina Rigida Righe Orizzontali Turchese| Taccuino Piccolo con Fogli Microforati | Tasca e Portapenna| 72 Fogli, Ideale per Scrivere","B0DV5QBRL8","B0DV5QBRL8","finocam","22903203","Archivio ufficio e accessori per scrivania","4","0","100","0","0.00","0.00","0","0","0.00","0","0","0"
"finocam Agenda Spirale 18 Mesi 2025 2026 2 Giorni per Pagina Luglio 2025 Dicembre 2026 (18 mesi) Girl Internazionale","B0DV5QDXLM","B0DV5QDXLM","finocam","Diari per appuntamenti e agende","Archivio ufficio e accessori per scrivania","4","235","100","0","0.00","70.52","0","5","0.00","0","0","2.1"
"finocam Taccuino Nexo Copertina Morbida Righe Orizzontali Nero, Taccuino Grande con Fogli Microforati, Tasca e Portapenna, 72 Fogli, Ideale per Scrivere","B0DV5QP7C2","B0DV5QP7C2","finocam","22903203","Archivio ufficio e accessori per scrivania","3","1","100","0","0.00","0.00","0","0","0.00","0","0","0"
"Finocam - Portadocumenti A5 NOPAL - Blu Marino | Cartella con Cerniera - Tasca interna per tablet | Cartella per appunti | Portadocumenti BIOMATERIALE - BASE CACTUS","B0DV5QRH5G","B0DV5QRH5G","finocam","22903151","Archivio ufficio e accessori per scrivania","65","0","100","0","0.00","0.00","0","0","0.00","0","0","0"
"finocam Taccuino Nexo Copertina Morbida Pagine Bianche Blu Marino, Taccuino Grande con Fogli Microforati, Tasca e Portapenna, 72 Fogli, Ideale per Scrivere e Disegnare","B0DV5QVW3M","B0DV5QVW3M","finocam","22903203","Archivio ufficio e accessori per scrivania","12","5","100","0","0.00","0.00","0","0","0.00","0","0","0"
"Finocam - Portadocumenti A4 NOPAL - Blu Marino | Portafoglio con Cerniera - Tasca interna per tablet | Cartella per appunti | Portadocumenti BIOMATERIALE - BASE CACTUS","B0DV5R586Z","B0DV5R586Z","finocam","22903151","Archivio ufficio e accessori per scrivania","14","0","100","0","0.00","0.00","0","0","0.00","0","0","0"
"finocam - Taccuino Nexo Copertina Rigida Pagine Bianche Camel | Taccuino Grande con Fogli Microforati | Tasca e Portapenna | 72 Fogli, Ideale per Scrivere e Disegnare","B0DV5RB9X7","B0DV5RB9X7","finocam","22903203","Archivio ufficio e accessori per scrivania","5","1","100","0","0.00","0.00","0","0","0.00","0","0","0"
"finocam Agenda Ikon 16 Mesi 2025 2026 1 Giorno per Pagina Settembre 2025 Dicembre 2026 (16 mesi) Nero Internazionale","B0DV5RCDVW","B0DV5RCDVW","finocam","Diari per appuntamenti e agende","Archivio ufficio e accessori per scrivania","0","119","0","0","0.00","368.61","0","13","0.00","0","0","10.9"
"finocam - Taccuino Nexo Copertina Rigida Dotted Nero| Taccuino Piccolo con Fogli Microforati | Tasca e Portapenna| 72 Fogli, Ideale per Bullet Journal","B0DV5RCK3Y","B0DV5RCK3Y","finocam","22903203","Archivio ufficio e accessori per scrivania","2","1","100","0","0.00","0.00","0","0","0.00","0","0","0"
"finocam - Taccuino Nexo Copertina Rigida Pagine Bianche Blu Marino | Taccuino Grande con Fogli Microforati | Tasca e Portapenna | 72 Fogli, Ideale per Scrivere e Disegnare","B0DV5RF69M","B0DV5RF69M","finocam","22903203","Archivio ufficio e accessori per scrivania","1","2","100","0","0.00","0.00","0","0","0.00","0","0","0"
"finocam Taccuino Nexo Copertina Morbida Righe Orizzontali Blu Marino, Taccuino Piccolo con Fogli Microforati, Tasca e Portapenna, 72 Fogli, Ideale per Scrivere","B0DV5RFGGB","B0DV5RFGGB","finocam","22903203","Archivio ufficio e accessori per scrivania","2","0","100","0","0.00","0.00","0","0","0.00","0","0","0"
"finocam - Taccuino Nexo Copertina Rigida Righe Orizzontali Blu Marino| Taccuino A5 con Fogli Microforati | Tasca e Portapenna| 72 Fogli, Ideale per Scrivere","B0DV5RFMMB","B0DV5RFMMB","finocam","22903203","Archivio ufficio e accessori per scrivania","0","0","0","0","0.00","0.00","0","0","0.00","0","0","0"
"finocam Taccuino Nexo Copertina Morbida Pagine Bianche Rosso, Taccuino A5 con Fogli Microforati, Tasca e Portapenna, 72 Fogli, Ideale per Scrivere e Disegnare","B0DV5RFSGM","B0DV5RFSGM","finocam","22903203","Archivio ufficio e accessori per scrivania","12","4","100","0","0.00","0.00","0","0","0.00","0","0","0"
"finocam Agenda Capri 16 Mesi 2025 2026 Settimana Layout Orizzontale Settembre 2025 Dicembre 2026 16 mesi Jungla Internazionale, Settimanale Orizzontale, Piccolo - F4-118x168 mm","B0DV5RFYDJ","B0DV5RFYDJ","finocam","Diari per appuntamenti e agende","Archivio ufficio e accessori per scrivania","5","617","100","0","0.00","193.59","0","17","0.00","0","0","2.8"
"finocam - Taccuino Nexo Copertina Rigida Pagine Bianche Camel | Taccuino A5 con Fogli Microforati | Tasca e Portapenna | 72 Fogli, Ideale per Scrivere e Disegnare","B0DV5RGCNR","B0DV5RGCNR","finocam","22903203","Archivio ufficio e accessori per scrivania","6","2","100","0","0.00","0.00","0","0","0.00","0","0","0"
"Finocam - Agenda Mara 18 Mesi 2025 2026 Settimana Layout Verticale Luglio 2025 - Dicembre 2026 (18 mesi) Nero Internazionale","B0DV5RGYLC","B0DV5RGYLC","finocam","Diari per appuntamenti e agende","Archivio ufficio e accessori per scrivania","14","603","100","0","0.00","202.84","0","17","0.00","0","0","2.8"
"finocam Agenda Dotted 16 Mesi 2025 2026 Settimana Layout Orizzontale Settembre 2025 Dicembre 2026 (16 mesi) Nero Internazionale","B0DV5RJC23","B0DV5RJC23","finocam","Diari per appuntamenti e agende","Archivio ufficio e accessori per scrivania","5","238","100","0","0.00","67.32","0","6","0.00","0","0","2.5"
"finocam Taccuino Nexo Copertina Morbida Righe Orizzontali Nero, Taccuino Piccolo con Fogli Microforati, Tasca e Portapenna, 72 Fogli, Ideale per Scrivere","B0DV5RL7SL","B0DV5RL7SL","finocam","22903203","Archivio ufficio e accessori per scrivania","2","1","100","0","0.00","0.00","0","0","0.00","0","0","0"
"finocam Taccuino Nexo Copertina Morbida Righe Orizzontali Rosa, Taccuino A5 con Fogli Microforati, Tasca e Portapenna, 72 Fogli, Ideale per Annotare e Scrivere","B0DV5RLDFV","B0DV5RLDFV","finocam","22903203","Archivio ufficio e accessori per scrivania","15","1","100","0","0.00","0.00","0","0","0.00","0","0","0"
"Finocam - Agenda Mara 18 Mesi 2025 2026 Settimana Layout Verticale Luglio 2025 - Dicembre 2026 (18 mesi) Pretty Internazionale","B0DV5RMVZL","B0DV5RMVZL","finocam","Diari per appuntamenti e agende","Archivio ufficio e accessori per scrivania","94","582","100","0","0.00","189.82","0","15","0.00","0","0","2.6"
"Finocam - Agenda Mara 18 Mesi 2025 2026 1 Giorno per Pagina Luglio 2025 - Dicembre 2026 (18 mesi) Daisy Internazionale","B0DV5RMXHG","B0DV5RMXHG","finocam","Diari per appuntamenti e agende","Archivio ufficio e accessori per scrivania","54","323","100","0","0.00","0.00","0","0","0.00","0","0","0"
"finocam Agenda Dotted 16 Mesi 2025 2026 Settimana Layout Orizzontale Settembre 2025 Dicembre 2026 (16 mesi) Bloom Internazionale","B0DV5RR7Z5","B0DV5RR7Z5","finocam","Diari per appuntamenti e agende","Archivio ufficio e accessori per scrivania","2","1169","100","0","0.00","231.74","0","20","0.00","0","0","1.7"
"finocam Taccuino Nexo Copertina Morbida Righe Orizzontali Blu Marino, Taccuino Grande con Fogli Microforati, Tasca e Portapenna, 72 Fogli, Ideale per Scrivere","B0DV5RR99R","B0DV5RR99R","finocam","22903203","Archivio ufficio e accessori per scrivania","5","0","100","0","0.00","0.00","0","0","0.00","0","0","0"
"finocam - Taccuino Nexo Copertina Rigida Dotted Camel| Taccuino A5 con Fogli Microforati | Tasca e Portapenna| 72 Fogli, Ideale per Bullet Journal","B0DV5RRK89","B0DV5RRK89","finocam","22903203","Archivio ufficio e accessori per scrivania","7","5","100","0","0.00","0.00","0","0","0.00","0","0","0"
"finocam - Taccuino Nexo Copertina Rigida Pagine Bianche Nero | Taccuino Grande con Fogli Microforati | Tasca e Portapenna | 72 Fogli, Ideale per Scrivere e Disegnare","B0DV5RRKBN","B0DV5RRKBN","finocam","22903203","Archivio ufficio e accessori per scrivania","5","2","100","0","0.00","0.00","0","0","0.00","0","0","0"
"finocam - Taccuino Nexo Copertina Rigida Pagine Bianche Nero | Taccuino A5 con Fogli Microforati | Tasca e Portapenna | 72 Fogli, Ideale per Scrivere e Disegnare","B0DV5RT5F9","B0DV5RT5F9","finocam","22903203","Archivio ufficio e accessori per scrivania","4","4","100","0","0.00","0.00","0","0","0.00","0","0","0"
"finocam - Taccuino Nexo Copertina Rigida Pagine Bianche Turchese | Taccuino Piccolo con Fogli Microforati | Tasca e Portapenna | 72 Fogli, Ideale per Scrivere e Disegnare","B0DV5RTLKQ","B0DV5RTLKQ","finocam","22903203","Archivio ufficio e accessori per scrivania","5","2","100","0","0.00","0.00","0","0","0.00","0","0","0"
"finocam Agenda Capri 16 Mesi 2025 2026 Settimana Layout Orizzontale Settembre 2025 Dicembre 2026 16 mesi Power Internazionale, Settimanale Orizzontale, Piccolo - F4-118x168 mm","B0DV5RVJP2","B0DV5RVJP2","finocam","Diari per appuntamenti e agende","Archivio ufficio e accessori per scrivania","15","109","100","0","0.00","10.45","0","1","0.00","0","0","0.9"
"finocam - Taccuino Nexo Copertina Rigida Dotted Rosso| Taccuino A5 con Fogli Microforati | Tasca e Portapenna| 72 Fogli, Ideale per Bullet Journal","B0DV5RXWQ6","B0DV5RXWQ6","finocam","22903203","Archivio ufficio e accessori per scrivania","1","1","100","0","0.00","0.00","0","0","0.00","0","0","0"
"finocam - Taccuino Nexo Copertina Rigida Dotted Blu Marino| Taccuino Grande con Fogli Microforati | Tasca e Portapenna| 72 Fogli, Ideale per Bullet Journal","B0DV5S16GC","B0DV5S16GC","finocam","22903203","Archivio ufficio e accessori per scrivania","0","1","0","0","0.00","0.00","0","0","0.00","0","0","0"
"finocam Taccuino Nexo Copertina Morbida Pagine Bianche Blu Marino, Taccuino Piccolo con Fogli Microforati, Tasca e Portapenna, 72 Fogli, Ideale per Scrivere e Disegnare","B0DV5S1CFS","B0DV5S1CFS","finocam","22903203","Archivio ufficio e accessori per scrivania","9","18","100","0","0.00","14.76","0","2","0.00","0","0","11.1"
"finocam - Taccuino Nexo Copertina Rigida Pagine Bianche Rosso | Taccuino Grande con Fogli Microforati | Tasca e Portapenna | 72 Fogli, Ideale per Scrivere e Disegnare","B0DV5S28WK","B0DV5S28WK","finocam","22903203","Archivio ufficio e accessori per scrivania","5","1","100","0","0.00","0.00","0","0","0.00","0","0","0"
"Finocam - Portadocumenti A5 NOPAL - Verde oliva | Cartella con Cerniera - Tasca interna per tablet | Cartella per appunti | Portadocumenti BIOMATERIALE - BASE CACTUS","B0DV5S2Z1M","B0DV5S2Z1M","finocam","22903151","Archivio ufficio e accessori per scrivania","9","0","100","0","0.00","0.00","0","0","0.00","0","0","0"
"finocam Agenda Spirale 18 Mesi 2025 2026 Settimana Layout Orizzontale Luglio 2025 Dicembre 2026 (18 mesi) Rosso Internazionale","B0DV5S2ZTW","B0DV5S2ZTW","finocam","Diari per appuntamenti e agende","Archivio ufficio e accessori per scrivania","120","152","100","0","0.00","32.05","0","3","0.00","0","0","2"
"finocam Agenda Dotted 16 Mesi 2025 2026 Settimana Layout Orizzontale Settembre 2025 Dicembre 2026 (16 mesi) Rosa Internazionale","B0DV5S3DLT","B0DV5S3DLT","finocam","Diari per appuntamenti e agende","Archivio ufficio e accessori per scrivania","0","654","0","0","0.00","125.68","0","11","0.00","0","0","1.7"
"finocam - Taccuino Nexo Copertina Rigida Pagine Bianche Fucsia | Taccuino A5 con Fogli Microforati | Tasca e Portapenna | 72 Fogli, Ideale per Scrivere e Disegnare","B0DV5S48FW","B0DV5S48FW","finocam","22903203","Archivio ufficio e accessori per scrivania","11","2","100","0","0.00","0.00","0","0","0.00","0","0","0"
"finocam - Taccuino Nexo Copertina Rigida Pagine Bianche Rosa | Taccuino Piccolo con Fogli Microforati | Tasca e Portapenna | 72 Fogli, Ideale per Scrivere e Disegnare","B0DV5S5D1S","B0DV5S5D1S","finocam","22903203","Archivio ufficio e accessori per scrivania","1","17","100","0","0.00","0.00","0","0","0.00","0","0","0"
"finocam Agenda Minimal 18 Mesi 2025 2026 Settimana Layout Orizzontale Luglio 2025 Dicembre 2026 (18 mesi) Girl Internazionale","B0DV5S5HYM","B0DV5S5HYM","finocam","Diari per appuntamenti e agende","Archivio ufficio e accessori per scrivania","11","1329","100","0","0.00","282.85","0","23","0.00","0","0","1.7"
"finocam Taccuino Nexo Copertina Morbida Pagine Bianche Rosso, Taccuino Piccolo con Fogli Microforati, Tasca e Portapenna, 72 Fogli, Ideale per Scrivere e Disegnare","B0DV5S6FCS","B0DV5S6FCS","finocam","22903203","Archivio ufficio e accessori per scrivania","1","1","100","0","0.00","0.00","0","0","0.00","0","0","0"
"Finocam - Agenda Mara 18 Mesi 2025 2026 Settimana Layout Verticale Luglio 2025 - Dicembre 2026 (18 mesi) Daisy Internazionale","B0DV5S6TBB","B0DV5S6TBB","finocam","Diari per appuntamenti e agende","Archivio ufficio e accessori per scrivania","24","253","100","0","0.00","112.30","0","9","0.00","0","0","3.6"
"finocam - Taccuino Nexo Copertina Rigida Righe Orizzontali Camel| Taccuino A5 con Fogli Microforati | Tasca e Portapenna| 72 Fogli, Ideale per Annotare e Scrivere","B0DV5S6TGW","B0DV5S6TGW","finocam","22903203","Archivio ufficio e accessori per scrivania","0","0","0","0","0.00","0.00","0","0","0.00","0","0","0"
"finocam - Taccuino Nexo Copertina Rigida Pagine Bianche Rosa | Taccuino Grande con Fogli Microforati | Tasca e Portapenna | 72 Fogli, Ideale per Scrivere e Disegnare","B0DV5S7BYZ","B0DV5S7BYZ","finocam","22903203","Archivio ufficio e accessori per scrivania","1","2","100","0","0.00","0.00","0","0","0.00","0","0","0"
"finocam Taccuino Nexo Copertina Morbida Righe Orizzontali Camel, Taccuino A5 con Fogli Microforati, Tasca e Portapenna, 72 Fogli, Ideale per Annotare e Scrivere","B0DV5S8FGS","B0DV5S8FGS","finocam","22903203","Archivio ufficio e accessori per scrivania","0","5","0","0","0.00","0.00","0","0","0.00","0","0","0"
"finocam Taccuino Nexo Copertina Morbida Pagine Bianche Rosso, Taccuino Grande con Fogli Microforati, Tasca e Portapenna, 72 Fogli, Ideale per Scrivere e Disegnare","B0DV5SB5RX","B0DV5SB5RX","finocam","22903203","Archivio ufficio e accessori per scrivania","1","1","100","0","0.00","0.00","0","0","0.00","0","0","0"
"finocam Agenda Minimal 18 Mesi 2025 2026 Settimana Layout Orizzontale Luglio 2025 Dicembre 2026 (18 mesi) Rosso Internazionale","B0DV5SCFGG","B0DV5SCFGG","finocam","Diari per appuntamenti e agende","Archivio ufficio e accessori per scrivania","16","102","100","0","0.00","37.97","0","3","0.00","0","0","2.9"
"finocam Agenda Spirale 18 Mesi 2025 2026 Settimana Layout Orizzontale Luglio 2025 Dicembre 2026 (18 mesi) Daisy Internazionale","B0DV5SCJMK","B0DV5SCJMK","finocam","Diari per appuntamenti e agende","Archivio ufficio e accessori per scrivania","3","235","100","0","0.00","9.75","0","1","0.00","0","0","0.4"
"finocam Taccuino Nexo Copertina Morbida Dotted Turchese, Taccuino Piccolo con Fogli Microforati, Tasca e Portapenna, 72 Fogli, Ideale per Bullet Journal","B0DV5SD5LQ","B0DV5SD5LQ","finocam","22903203","Archivio ufficio e accessori per scrivania","1","4","0","0","0.00","0.00","0","0","0.00","0","0","0"
"finocam - Taccuino Nexo Copertina Rigida Righe Orizzontali Rosso| Taccuino A5 con Fogli Microforati | Tasca e Portapenna| 72 Fogli, Ideale per Annotare e Scrivere","B0DV5SDK7J","B0DV5SDK7J","finocam","22903203","Archivio ufficio e accessori per scrivania","4","1","100","0","0.00","0.00","0","0","0.00","0","0","0"
"finocam Taccuino Nexo Copertina Morbida Dotted Camel, Taccuino A5 con Fogli Microforati, Tasca e Portapenna, 72 Fogli, Ideale per Bullet Journal","B0DV5SDYWJ","B0DV5SDYWJ","finocam","22903203","Archivio ufficio e accessori per scrivania","8","7","100","0","0.00","0.00","0","0","0.00","0","0","0"
"finocam Agenda Minimal 18 Mesi 2025 2026 Settimana Layout Orizzontale Luglio 2025 Dicembre 2026 (18 mesi) Rosso Internazionale","B0DV5SF6QP","B0DV5SF6QP","finocam","Diari per appuntamenti e agende","Archivio ufficio e accessori per scrivania","4","75","100","0","0.00","27.74","0","2","0.00","0","0","2.7"
"Finocam - Agenda Mara 18 Mesi 2025 2026 Settimana Layout Verticale Luglio 2025 - Dicembre 2026 (18 mesi) Girl Internazionale","B0DV5SF8F5","B0DV5SF8F5","finocam","Diari per appuntamenti e agende","Archivio ufficio e accessori per scrivania","69","1348","100","0","0.00","411.34","0","33","0.00","0","0","2.4"
"finocam - Taccuino Nexo Copertina Rigida Pagine Bianche Turchese | Taccuino A5 con Fogli Microforati | Tasca e Portapenna | 72 Fogli, Ideale per Scrivere e Disegnare","B0DV5SFFLD","B0DV5SFFLD","finocam","22903203","Archivio ufficio e accessori per scrivania","4","1","100","0","0.00","0.00","0","0","0.00","0","0","0"
"finocam - Taccuino Nexo Copertina Rigida Righe Orizzontali Rosso| Taccuino Piccolo con Fogli Microforati | Tasca e Portapenna| 72 Fogli, Ideale per Scrivere e Disegnare","B0DV5SFR49","B0DV5SFR49","finocam","22903203","Archivio ufficio e accessori per scrivania","5","0","100","0","0.00","0.00","0","0","0.00","0","0","0"
"finocam Agenda Capri 16 Mesi 2025 2026 Settimana Layout Orizzontale Settembre 2025 Dicembre 2026 16 mesi Happy Internazionale, Settimanale Orizzontale, Piccolo - F4-118x168 mm","B0DV5SGMH3","B0DV5SGMH3","finocam","Diari per appuntamenti e agende","Archivio ufficio e accessori per scrivania","0","446","0","0","0.00","89.39","0","8","0.00","0","0","1.8"
"finocam - Taccuino Nexo Copertina Rigida Righe Orizzontali Rosa| Taccuino A5 con Fogli Microforati | Tasca e Portapenna| 72 Fogli, Ideale per Annotare e Scrivere","B0DV5SGN6K","B0DV5SGN6K","finocam","22903203","Archivio ufficio e accessori per scrivania","1","0","100","0","0.00","0.00","0","0","0.00","0","0","0"
"finocam Taccuino Nexo Copertina Morbida Pagine Bianche Turchese, Taccuino Grande con Fogli Microforati, Tasca e Portapenna, 72 Fogli, Ideale per Scrivere e Disegnare","B0DV5SJ4Z8","B0DV5SJ4Z8","finocam","22903203","Archivio ufficio e accessori per scrivania","2","1","100","0","0.00","0.00","0","0","0.00","0","0","0"
"finocam Taccuino Nexo Copertina Morbida Dotted Blu Marino, Taccuino Piccolo con Fogli Microforati, Tasca e Portapenna, 72 Fogli, Ideale per Bullet Journal","B0DV5SJ6GB","B0DV5SJ6GB","finocam","22903203","Archivio ufficio e accessori per scrivania","12","18","100","0","0.00","0.00","0","0","0.00","0","0","0"
"finocam - Taccuino Nexo Copertina Rigida Dotted Camel| Taccuino Piccolo con Fogli Microforati | Tasca e Portapenna| 72 Fogli, Ideale per Bullet Journal","B0DV5SJHC9","B0DV5SJHC9","finocam","22903203","Archivio ufficio e accessori per scrivania","4","3","100","0","0.00","0.00","0","0","0.00","0","0","0"
"Finocam - Portadocumenti A4 NOPAL - Nero | Portafoglio con Cerniera - Tasca interna per tablet | Cartella per appunti | Portadocumenti BIOMATERIALE - BASE CACTUS","B0DV5SLJL1","B0DV5SLJL1","finocam","22903151","Archivio ufficio e accessori per scrivania","16","0","100","0","0.00","0.00","0","0","0.00","0","0","0"
"finocam Taccuino Nexo Copertina Morbida Pagine Bianche Nero, Taccuino Piccolo con Fogli Microforati, Tasca e Portapenna, 72 Fogli, Ideale per Scrivere e Disegnare","B0DV5SMZS8","B0DV5SMZS8","finocam","22903203","Archivio ufficio e accessori per scrivania","33","12","100","0","0.00","0.00","0","0","0.00","0","0","0"
"finocam Taccuino Nexo Copertina Morbida Dotted Blu Marino, Taccuino Grande con Fogli Microforati, Tasca e Portapenna, 72 Fogli, Ideale per Bullet Journal","B0DV5SN944","B0DV5SN944","finocam","22903203","Archivio ufficio e accessori per scrivania","4","6","100","0","0.00","0.00","0","0","0.00","0","0","0"
"Finocam - Portadocumenti A5 NOPAL - Nero | Cartella con Cerniera - Tasca interna per tablet | Cartella per appunti | Portadocumenti BIOMATERIALE - BASE CACTUS","B0DV5SNSCV","B0DV5SNSCV","finocam","22903151","Archivio ufficio e accessori per scrivania","71","0","100","0","0.00","0.00","0","0","0.00","0","0","0"
"finocam Taccuino Nexo Copertina Morbida Dotted Nero, Taccuino Grande con Fogli Microforati, Tasca e Portapenna, 72 Fogli, Ideale per Bullet Journal","B0DV5SQ34P","B0DV5SQ34P","finocam","22903203","Archivio ufficio e accessori per scrivania","19","35","100","0","0.00","27.07","0","2","0.00","0","0","5.7"
"finocam Taccuino Nexo Copertina Morbida Pagine Bianche Nero, Taccuino Grande con Fogli Microforati, Tasca e Portapenna, 72 Fogli, Ideale per Scrivere e Disegnare","B0DV5SQ5BZ","B0DV5SQ5BZ","finocam","22903203","Archivio ufficio e accessori per scrivania","2","3","100","0","0.00","0.00","0","0","0.00","0","0","0"
"finocam Taccuino Nexo Copertina Morbida Pagine Bianche Giallo, Taccuino A5 con Fogli Microforati, Tasca e Portapenna, 72 Fogli, Ideale per Scrivere e Disegnare","B0DV5SRF1P","B0DV5SRF1P","finocam","22903203","Archivio ufficio e accessori per scrivania","26","22","100","0","0.00","0.00","0","0","0.00","0","0","0"
"finocam Taccuino Nexo Copertina Morbida Pagine Bianche Fucsia, Taccuino Piccolo con Fogli Microforati, Tasca e Portapenna, 72 Fogli, Ideale per Scrivere e Disegnare","B0DV5SRQ7Q","B0DV5SRQ7Q","finocam","22903203","Archivio ufficio e accessori per scrivania","0","20","0","0","0.00","0.00","0","0","0.00","0","0","0"
"finocam - Taccuino Nexo Copertina Rigida Pagine Bianche Rosso | Taccuino Piccolo con Fogli Microforati | Tasca e Portapenna | 72 Fogli, Ideale per Scrivere e Disegnare","B0DV5SSCSM","B0DV5SSCSM","finocam","22903203","Archivio ufficio e accessori per scrivania","1","0","100","0","0.00","0.00","0","0","0.00","0","0","0"
"finocam - Taccuino Nexo Copertina Rigida Dotted Turchese| Taccuino A5 con Fogli Microforati | Tasca e Portapenna| 72 Fogli, Ideale per Bullet Journal","B0DV5SSCSS","B0DV5SSCSS","finocam","22903203","Archivio ufficio e accessori per scrivania","1","1","100","0","0.00","0.00","0","0","0.00","0","0","0"
"finocam Agenda Spirale 18 Mesi 2025 2026 2 Giorni per Pagina Luglio 2025 Dicembre 2026 (18 mesi) Daisy Internazionale","B0DV5ST391","B0DV5ST391","finocam","Diari per appuntamenti e agende","Archivio ufficio e accessori per scrivania","8","59","100","0","0.00","28.38","0","2","0.00","0","0","3.4"
"Finocam - Agenda Mara 18 Mesi 2025 2026 1 Giorno per Pagina Luglio 2025 - Dicembre 2026 (18 mesi) Nero Internazionale","B0DV5SW6CG","B0DV5SW6CG","finocam","Diari per appuntamenti e agende","Archivio ufficio e accessori per scrivania","34","127","100","0","0.00","80.40","0","5","0.00","0","0","3.9"
"finocam Agenda Minimal 18 Mesi 2025 2026 Settimana Layout Orizzontale Luglio 2025 Dicembre 2026 (18 mesi) Daisy Internazionale","B0DV5SWV8G","B0DV5SWV8G","finocam","Diari per appuntamenti e agende","Archivio ufficio e accessori per scrivania","20","262","100","0","0.00","109.40","0","8","0.00","0","0","3.1"
"finocam Agenda Minimal 18 Mesi 2025 2026 Settimana Layout Orizzontale Luglio 2025 Dicembre 2026 (18 mesi) Daisy Internazionale","B0DV5SYL1L","B0DV5SYL1L","finocam","Diari per appuntamenti e agende","Archivio ufficio e accessori per scrivania","30","614","100","0","0.00","78.31","0","6","0.00","0","0","1"
"finocam Taccuino Nexo Copertina Morbida Pagine Bianche Rosa, Taccuino Grande con Fogli Microforati, Tasca e Portapenna, 72 Fogli, Ideale per Scrivere e Disegnare","B0DV5SYNWZ","B0DV5SYNWZ","finocam","22903203","Archivio ufficio e accessori per scrivania","3","1","100","0","0.00","0.00","0","0","0.00","0","0","0"
"finocam Taccuino Nexo Copertina Morbida Dotted Rosa, Taccuino A5 con Fogli Microforati, Tasca e Portapenna, 72 Fogli, Ideale per Bullet Journal","B0DV5T33V8","B0DV5T33V8","finocam","22903203","Archivio ufficio e accessori per scrivania","30","5","100","0","0.00","9.84","0","1","0.00","0","0","20"
"finocam - Taccuino Nexo Copertina Rigida Righe Orizzontali Blu Marino| Taccuino Piccolo con Fogli Microforati | Tasca e Portapenna| 72 Fogli, Ideale per Scrivere e Disegnare","B0DV5T42SB","B0DV5T42SB","finocam","22903203","Archivio ufficio e accessori per scrivania","5","0","100","0","0.00","0.00","0","0","0.00","0","0","0"
"finocam - Taccuino Nexo Copertina Rigida Pagine Bianche Rosa | Taccuino A5 con Fogli Microforati | Tasca e Portapenna | 72 Fogli, Ideale per Scrivere e Disegnare","B0DV5T4WDC","B0DV5T4WDC","finocam","22903203","Archivio ufficio e accessori per scrivania","3","10","100","0","0.00","11.48","0","1","0.00","0","0","10"
"finocam Agenda Spirale 18 Mesi 2025 2026 2 Giorni per Pagina Luglio 2025 Dicembre 2026 (18 mesi) Nero Internazionale","B0DV5T5HMK","B0DV5T5HMK","finocam","Diari per appuntamenti e agende","Archivio ufficio e accessori per scrivania","3","136","100","0","0.00","0.00","0","0","0.00","0","0","0"
"finocam Agenda Capri 16 Mesi 2025 2026 Settimana Layout Orizzontale Settembre 2025 Dicembre 2026 16 mesi Nero Internazionale, Settimanale Orizzontale, Piccolo - F4-118x168 mm","B0DV5T5WD5","B0DV5T5WD5","finocam","Diari per appuntamenti e agende","Archivio ufficio e accessori per scrivania","2","145","100","0","0.00","52.05","0","5","0.00","0","0","3.4"
"finocam Taccuino Nexo Copertina Morbida Dotted Turchese, Taccuino A5 con Fogli Microforati, Tasca e Portapenna, 72 Fogli, Ideale per Bullet Journal","B0DV5T6247","B0DV5T6247","finocam","22903203","Archivio ufficio e accessori per scrivania","11","2","100","0","0.00","0.00","0","0","0.00","0","0","0"
"finocam - Taccuino Nexo Copertina Rigida Pagine Bianche Camel | Taccuino Piccolo con Fogli Microforati | Tasca e Portapenna | 72 Fogli, Ideale per Scrivere e Disegnare","B0DV5T72Q8","B0DV5T72Q8","finocam","22903203","Archivio ufficio e accessori per scrivania","4","1","100","0","0.00","0.00","0","0","0.00","0","0","0"
"finocam Agenda Spirale 18 Mesi 2025 2026 Settimana Layout Orizzontale Luglio 2025 Dicembre 2026 (18 mesi) Girl Internazionale","B0DV5T8Q5W","B0DV5T8Q5W","finocam","Diari per appuntamenti e agende","Archivio ufficio e accessori per scrivania","0","305","0","0","0.00","57.40","0","5","0.00","0","0","1.6"
"finocam - Taccuino Nexo Copertina Rigida Dotted Nero| Taccuino Grande con Fogli Microforati | Tasca e Portapenna| 72 Fogli, Ideale per Bullet Journal","B0DV5TDDWQ","B0DV5TDDWQ","finocam","22903203","Archivio ufficio e accessori per scrivania","2","1","100","0","0.00","0.00","0","0","0.00","0","0","0"
"finocam Agenda Spirale 18 Mesi 2025 2026 Settimana Layout Orizzontale Luglio 2025 Dicembre 2026 (18 mesi) Pretty Internazionale","B0DV5XDTVN","B0DV5XDTVN","finocam","Diari per appuntamenti e agende","Archivio ufficio e accessori per scrivania","7","576","100","0","0.00","79.73","0","8","0.00","0","0","1.4"
"finocam - Taccuino Nexo Copertina Rigida Dotted Blu marino| Taccuino Piccolo con Fogli Microforati | Tasca e Portapenna| 72 Fogli, Ideale per Bullet Journal","B0DV5XF55X","B0DV5XF55X","finocam","22903203","Archivio ufficio e accessori per scrivania","2","1","100","0","0.00","0.00","0","0","0.00","0","0","0"
"finocam Taccuino Nexo Copertina Morbida Righe Orizzontali Rosa, Taccuino Piccolo con Fogli Microforati, Tasca e Portapenna, 72 Fogli, Ideale per Scrivere","B0DV5XF998","B0DV5XF998","finocam","22903203","Archivio ufficio e accessori per scrivania","1","3","100","0","0.00","0.00","0","0","0.00","0","0","0"
"finocam Taccuino Nexo Copertina Morbida Dotted Rosso, Taccuino Piccolo con Fogli Microforati, Tasca e Portapenna, 72 Fogli, Ideale per Bullet Journal","B0DV5XM31W","B0DV5XM31W","finocam","22903203","Archivio ufficio e accessori per scrivania","2","5","100","0","0.00","0.00","0","0","0.00","0","0","0"
"finocam Taccuino Nexo Copertina Morbida Pagine Bianche Rosa, Taccuino Piccolo con Fogli Microforati, Tasca e Portapenna, 72 Fogli, Ideale per Scrivere e Disegnare","B0DV5ZHKSM","B0DV5ZHKSM","finocam","22903203","Archivio ufficio e accessori per scrivania","3","51","100","0","0.00","0.00","0","0","0.00","0","0","0"
"finocam Taccuino Nexo Copertina Morbida Pagine Bianche Verde Scuro, Taccuino Piccolo con Fogli Microforati, Tasca e Portapenna, 72 Fogli, Ideale per Scrivere e Disegnare","B0DV5ZK39L","B0DV5ZK39L","finocam","22903203","Archivio ufficio e accessori per scrivania","4","25","100","0","0.00","7.38","0","1","0.00","0","0","4"
"finocam Taccuino Nexo Copertina Morbida Righe Orizzontali Rosso, Taccuino A5 con Fogli Microforati, Tasca e Portapenna, 72 Fogli, Ideale per Annotare e Scrivere","B0DV5ZKR93","B0DV5ZKR93","finocam","22903203","Archivio ufficio e accessori per scrivania","4","0","100","0","0.00","0.00","0","0","0.00","0","0","0"
"finocam - Taccuino Nexo Copertina Rigida Righe Orizzontali Rosa| Taccuino Piccolo con Fogli Microforati | Tasca e Portapenna| 72 Fogli, Ideale per Scrivere","B0DV623DC3","B0DV623DC3","finocam","22903203","Archivio ufficio e accessori per scrivania","8","0","100","0","0.00","0.00","0","0","0.00","0","0","0"
"finocam - Taccuino Nexo Copertina Rigida Pagine Bianche Blu Marino | Taccuino Piccolo con Fogli Microforati | Tasca e Portapenna | 72 Fogli, Ideale per Scrivere e Disegnare","B0DV642JBZ","B0DV642JBZ","finocam","22903203","Archivio ufficio e accessori per scrivania","3","6","100","0","0.00","0.00","0","0","0.00","0","0","0"
"finocam Taccuino Nexo Copertina Morbida Dotted Rosa, Taccuino Piccolo con Fogli Microforati, Tasca e Portapenna, 72 Fogli, Ideale per Bullet Journal","B0DV642N1Q","B0DV642N1Q","finocam","22903203","Archivio ufficio e accessori per scrivania","1","3","100","0","0.00","0.00","0","0","0.00","0","0","0"
"finocam - Taccuino Nexo Copertina Rigida Righe Orizzontali Nero| Taccuino Piccolo con Fogli Microforati | Tasca e Portapenna| 72 Fogli, Ideale per Scrivere e Disegnare","B0DV642X27","B0DV642X27","finocam","22903203","Archivio ufficio e accessori per scrivania","14","0","100","0","0.00","0.00","0","0","0.00","0","0","0"
"finocam - Taccuino Nexo Copertina Rigida Pagine Bianche Giallo | Taccuino A5 con Fogli Microforati | Tasca e Portapenna | 72 Fogli, Ideale per Scrivere e Disegnare","B0DV6437CK","B0DV6437CK","finocam","22903203","Archivio ufficio e accessori per scrivania","8","3","100","0","0.00","0.00","0","0","0.00","0","0","0"
"finocam Taccuino Nexo Copertina Morbida Pagine Bianche Camel, Taccuino Grande con Fogli Microforati, Tasca e Portapenna, 72 Fogli, Ideale per Scrivere e Disegnare","B0DV643CCM","B0DV643CCM","finocam","22903203","Archivio ufficio e accessori per scrivania","1","3","100","0","0.00","0.00","0","0","0.00","0","0","0"
"finocam Taccuino Nexo Copertina Morbida Dotted Rosso, Taccuino A5 con Fogli Microforati, Tasca e Portapenna, 72 Fogli, Ideale per Bullet Journal","B0DV66L57J","B0DV66L57J","finocam","22903203","Archivio ufficio e accessori per scrivania","15","7","100","0","0.00","0.00","0","0","0.00","0","0","0"
"finocam - Taccuino Nexo Copertina Rigida Righe Orizzontali Nero| Taccuino A5 con Fogli Microforati | Tasca e Portapenna| 72 Fogli, Ideale per Note e Disegni","B0DV66LNT8","B0DV66LNT8","finocam","22903203","Archivio ufficio e accessori per scrivania","0","0","0","0","0.00","0.00","0","0","0.00","0","0","0"
"finocam - Taccuino Nexo Copertina Rigida Dotted Blu Marino| Taccuino A5 con Fogli Microforati | Tasca e Portapenna| 72 Fogli, Ideale per Bullet Journal","B0DV66RV6G","B0DV66RV6G","finocam","22903203","Archivio ufficio e accessori per scrivania","4","3","100","0","0.00","0.00","0","0","0.00","0","0","0"
"finocam - Taccuino Nexo Copertina Rigida Dotted Rosa| Taccuino Piccolo con Fogli Microforati | Tasca e Portapenna| 72 Fogli, Ideale per Bullet Journal","B0DV689WY2","B0DV689WY2","finocam","22903203","Archivio ufficio e accessori per scrivania","1","4","100","0","0.00","6.91","0","1","0.00","0","0","25"
"finocam Taccuino Nexo Copertina Morbida Pagine Bianche Turchese, Taccuino Piccolo con Fogli Microforati, Tasca e Portapenna, 72 Fogli, Ideale per Scrivere e Disegnare","B0DV6CW6KZ","B0DV6CW6KZ","finocam","22903203","Archivio ufficio e accessori per scrivania","4","10","100","0","0.00","7.38","0","1","0.00","0","0","10"
"finocam Taccuino Nexo Copertina Morbida Dotted Camel, Taccuino Piccolo con Fogli Microforati, Tasca e Portapenna, 72 Fogli, Ideale per Bullet Journal","B0DV6CX3K6","B0DV6CX3K6","finocam","22903203","Archivio ufficio e accessori per scrivania","4","3","100","0","0.00","0.00","0","0","0.00","0","0","0"
"finocam - Taccuino Nexo Copertina Rigida Pagine Bianche Verde Scuro | Taccuino A5 con Fogli Microforati | Tasca e Portapenna | 72 Fogli, Ideale per Scrivere e Disegnare","B0DV6CXHS5","B0DV6CXHS5","finocam","22903203","Archivio ufficio e accessori per scrivania","1","3","100","0","0.00","0.00","0","0","0.00","0","0","0"
"Finocam - Agenda 2026 Settimana Layout Verticale | Gennaio - Dicembre 12 mesi | Agenda A5 con elastico e nastro in tessuto | Copertina Morbida Capri - Nero - Internazionale, Settimanale Verticale","B0F9L9M53Z","B0F9L9M53Z","finocam","Diari per appuntamenti e agende","Archivio ufficio e accessori per scrivania","14","59","100","0","0.00","13.79","0","1","0.00","0","0","1.7"
"Finocam - Agenda 2026 Settimana Layout Verticale | Gennaio - Dicembre 12 mesi | Agenda Annuale 2026 con elastico e nastro in tessuto | Copertina Morbida Mara - Nero - Internazionale","B0F9LBJWVF","B0F9LBJWVF","finocam","Diari per appuntamenti e agende","Archivio ufficio e accessori per scrivania","5","42","100","0","0.00","30.75","0","3","0.00","0","0","7.1"
"Finocam - Agenda Planner Layout Mensile 2026 Layout Mensile Gennaio 2026 - Dicembre 2026 12 mesi Grigio Internazionale, Medio - Y11-165x240 mm","B0F9LBV1D3","B0F9LBV1D3","finocam","Diari per appuntamenti e agende","Archivio ufficio e accessori per scrivania","24","369","100","0","0.00","97.58","0","17","0.00","0","0","4.6"
"Finocam - Agenda 2026 Settimana Layout Orizzontale | Gennaio - Dicembre 12 mesi | Agenda B5 Annuale 2026 con elastico | Doppia Spirale Copertina Rigida Optimal - Emma - Internazionale","B0F9LC83P3","B0F9LC83P3","finocam","Diari per appuntamenti e agende","Archivio ufficio e accessori per scrivania","8","7","80","0","0.00","0.00","0","0","0.00","0","0","0"
"Finocam - Calendario da parete 2026 30x30 Layout mensile Gennaio - Dicembre 2026 + Sett. - Dic. 2025 (4 mesi) ridotto | Calendario 2026 | Immagini Dogs - Internazionale","B0F9LCD34F","781225226","finocam","Calendari e articoli da scrivania","Archivio ufficio e accessori per scrivania","0","0","0","0","0.00","0.00","0","0","0.00","0","0","0"
"Finocam - Agenda 2026 1 Giorno per Pagina | Gennaio - Dicembre 12 mesi | Agenda Annuale 2026 con nastro in tessuto | Copertina Rigida Porto - Rosso - Internazionale, Giornaliera","B0F9LCDM73","B0F9LCDM73","finocam","Diari per appuntamenti e agende","Archivio ufficio e accessori per scrivania","0","14","0","0","0.00","0.00","0","0","0.00","0","0","0"
"Finocam - Agenda Spirale 2026 1 Giorno per Pagina | Gennaio - Dicembre 12 mesi | Agenda Annuale 2026 con elastico | Doppia Spirale Copertina Rigida Spirale Alma - Nero - Internazionale","B0F9LCF6PR","B0F9LCF6PR","finocam","Diari per appuntamenti e agende","Archivio ufficio e accessori per scrivania","0","33","0","0","0.00","62.40","0","4","0.00","0","0","12.1"
"Finocam - Agenda 2026 Settimana Layout Orizzontale | Gennaio - Dicembre 12 mesi | Agenda Annuale 2026 con elastico | Doppia Spirale Copertina Rigida Optimal - Emma - Internazionale, 4º - 155x217 mm","B0F9LCGBLL","B0F9LCGBLL","finocam","Diari per appuntamenti e agende","Archivio ufficio e accessori per scrivania","4","6","100","0","0.00","0.00","0","0","0.00","0","0","0"
"","B0F9LCPV3K","8422952411352","","","","0","0","0","0","0.00","0.00","0","0","0.00","0","0","0"
"Finocam - Calendario da tavolo 2026 Layout mensile Gennaio - Dicembre 2026 + Sett. - Dic. 2025 (4 mesi) ridotto | Calendario 2026 | Immagini Charming - Internazionale","B0F9LCV2PN","B0F9LCV2PN","finocam","Calendari e articoli da scrivania","Archivio ufficio e accessori per scrivania","15","0","100","0","0.00","0.00","0","0","0.00","0","0","0"
"Finocam - Agenda 2026 1 Giorno per Pagina | Gennaio - Dicembre 12 mesi | Agenda Annuale 2026 con elastico e nastro in tessuto | Copertina Rigida Porto Design - Malva - Internazionale, Giornaliera","B0F9LCV63M","B0F9LCV63M","finocam","Diari per appuntamenti e agende","Archivio ufficio e accessori per scrivania","0","124","0","0","0.00","34.44","0","4","0.00","0","0","3.2"
"Finocam - Agenda 2026 2 Pagine per Giorno | Gennaio - Dicembre 12 mesi | Agenda Annuale 2026 | Rilegata con Copertina Rigida Imbottita Milano - Nero - Internazionale, Grande Y12-210x270 mm","B0F9LD2B2W","B0F9LD2B2W","finocam","Diari per appuntamenti e agende","Archivio ufficio e accessori per scrivania","0","78","0","0","0.00","305.92","0","8","0.00","0","0","10.3"
"Finocam - Agenda 2026 Settimana Layout Verticale | Gennaio - Dicembre 12 mesi | Agenda Annuale 2026 con elastico e nastro in tessuto | Copertina Morbida Mara - Blu - Internazionale","B0F9LD2X51","B0F9LD2X51","finocam","Diari per appuntamenti e agende","Archivio ufficio e accessori per scrivania","0","34","0","0","0.00","20.50","0","2","0.00","0","0","5.9"
"Finocam - Agenda Spirale 2026 1 Giorno per Pagina | Gennaio - Dicembre 12 mesi | Agenda Annuale 2026 con elastico | Doppia Spirale Copertina Rigida Spirale Alma - Corallo - Internazionale","B0F9LDHV76","B0F9LDHV76","finocam","Diari per appuntamenti e agende","Archivio ufficio e accessori per scrivania","7","28","100","0","0.00","0.00","0","0","0.00","0","0","0"
"Finocam - Agenda 2026 Settimana Layout Orizzontale | Gennaio - Dicembre 12 mesi | Agenda Annuale 2026 con elastico | Doppia Spirale Copertina Rigida Optimal - Vera - Internazionale, 4º - 155x217 mm","B0F9LDPGMW","B0F9LDPGMW","finocam","Diari per appuntamenti e agende","Archivio ufficio e accessori per scrivania","4","3","100","0","0.00","0.00","0","0","0.00","0","0","0"
"Finocam - Agenda 2026 Settimana Layout Orizzontale | Gennaio - Dicembre 12 mesi | Agenda B5 Annuale 2026 con elastico | Doppia Spirale Copertina Rigida Optimal - Vera - Internazionale","B0F9LDWNFT","B0F9LDWNFT","finocam","Diari per appuntamenti e agende","Archivio ufficio e accessori per scrivania","9","35","85.7","0","0.00","0.00","0","0","0.00","0","0","0"
"Finocam - Agenda Spirale 2026 1 Giorno per Pagina | Gennaio - Dicembre 12 mesi | Agenda Annuale 2026 con elastico | Doppia Spirale Copertina Rigida Spirale Alma - Blu - Internazionale","B0F9LF68KF","B0F9LF68KF","finocam","Diari per appuntamenti e agende","Archivio ufficio e accessori per scrivania","0","38","0","0","0.00","62.16","0","4","0.00","0","0","10.5"
"Finocam - Agenda Spirale 2026 1 Giorno per Pagina | Gennaio - Dicembre 12 mesi | Agenda Annuale 2026 con elastico | Doppia Spirale Copertina Rigida You - Cotton - Internazionale","B0F9LFH6JW","B0F9LFH6JW","finocam","Diari per appuntamenti e agende","Archivio ufficio e accessori per scrivania","6","63","100","0","0.00","62.16","0","4","0.00","0","0","6.3"
"Finocam - Agenda 2026 1 Giorno per Pagina | Gennaio - Dicembre 12 mesi | Agenda B5 Annuale 2026 con elastico | Doppia Spirale Copertina Rigida Optimal - Emma - Internazionale, Giornaliera","B0F9LFR2FK","B0F9LFR2FK","finocam","Diari per appuntamenti e agende","Archivio ufficio e accessori per scrivania","6","1","100","0","0.00","0.00","0","0","0.00","0","0","0"
"Finocam - Agenda Planner + Appunti Layout Settimanale 2026 Layout Settimanale + appunti Gennaio 2026 - Dicembre 2026 12 mesi Grigio Internazionale, Medio - 290x116 mm","B0F9LFWG1M","B0F9LFWG1M","finocam","Diari per appuntamenti e agende","Archivio ufficio e accessori per scrivania","0","24","0","0","0.00","0.00","0","0","0.00","0","0","0"
"Finocam - Agenda 2026 1 Giorno per Pagina | Gennaio - Dicembre 12 mesi | Agenda A5 con elastico e nastro in tessuto | Copertina Morbida Capri - Nero - Internazionale","B0F9LG81FB","B0F9LG81FB","finocam","Diari per appuntamenti e agende","Archivio ufficio e accessori per scrivania","9","55","100","0","0.00","0.00","0","0","0.00","0","0","0"
"Finocam - Agenda 2026 Settimana Layout Verticale | Gennaio - Dicembre 12 mesi | Agenda Annuale 2026 | Copertina Rigida Imbottita Berlin - Foglie - Internazionale, Settimanale Verticale","B0F9LG9M5Q","B0F9LG9M5Q","finocam","Diari per appuntamenti e agende","Archivio ufficio e accessori per scrivania","0","87","0","0","0.00","0.00","0","0","0.00","0","0","0"
"Finocam - Agenda 2026 1 Giorno per Pagina | Gennaio - Dicembre 12 mesi | Agenda Annuale 2026 con elastico e nastro in tessuto | Copertina Rigida Porto Design - Camila - Internazionale, Giornaliera","B0F9LGNZ2T","B0F9LGNZ2T","finocam","Diari per appuntamenti e agende","Archivio ufficio e accessori per scrivania","0","67","0","0","0.00","8.61","0","1","0.00","0","0","1.5"
"Finocam - Agenda Spirale 2026 Settimana Layout Verticale | Gennaio - Dicembre 12 mesi | Agenda Annuale 2026 con elastico | Doppia Spirale Copertina Rigida Spirale Alma - Corallo - Internazionale","B0F9LGZJR2","B0F9LGZJR2","finocam","Diari per appuntamenti e agende","Archivio ufficio e accessori per scrivania","0","34","0","0","0.00","0.00","0","0","0.00","0","0","0"
"Finocam - Agenda 2026 Settimana Layout Verticale | Gennaio - Dicembre 12 mesi | Agenda Annuale 2026 con elastico e nastro in tessuto | Copertina Morbida Mara - Rosso - Internazionale","B0F9LH12S8","B0F9LH12S8","finocam","Diari per appuntamenti e agende","Archivio ufficio e accessori per scrivania","10","35","100","0","0.00","0.00","0","0","0.00","0","0","0"
"Finocam - Agenda 2026 Settimana Layout Verticale | Gennaio - Dicembre 12 mesi | Agenda Annuale 2026 con nastro in tessuto | Copertina Rigida Porto - Rosso - Internazionale, Settimanale Verticale","B0F9LHJVFZ","B0F9LHJVFZ","finocam","Diari per appuntamenti e agende","Archivio ufficio e accessori per scrivania","0","55","0","0","0.00","19.68","0","3","0.00","0","0","5.5"
"Finocam - Agenda 2026 Settimana Layout Verticale | Gennaio - Dicembre 12 mesi | Agenda Annuale 2026 con elastico e nastro in tessuto | Copertina Rigida Porto Design - Malva - Internazionale","B0F9LKB6NR","B0F9LKB6NR","finocam","Diari per appuntamenti e agende","Archivio ufficio e accessori per scrivania","0","235","0","0","0.00","26.24","0","4","0.00","0","0","1.7"
"","B0F9LL2JG3","8422952407485","","","","0","0","0","0","0.00","0.00","0","0","0.00","0","0","0"
"Finocam - Agenda Spirale 2026 Settimana Layout Verticale | Gennaio - Dicembre 12 mesi | Agenda Annuale 2026 con elastico | Doppia Spirale Copertina Rigida You - Foglie - Internazionale","B0F9WXPGQF","B0F9WXPGQF","finocam","Diari per appuntamenti e agende","Archivio ufficio e accessori per scrivania","0","67","0","0","0.00","10.66","0","1","0.00","0","0","1.5"
"Finocam - Agenda Spirale 2026 1 Giorno per Pagina | Gennaio - Dicembre 12 mesi | Agenda Annuale 2026 | Copertura in polipropilene Spirale Design Collection - Ora - Italiano, Giornaliera","B0FG38BDZM","B0FG38BDZM","finocam","Diari per appuntamenti e agende","Archivio ufficio e accessori per scrivania","16","18","100","0","0.00","15.29","0","1","0.00","0","0","5.6"
"Finocam - Agenda Spirale 2026 Settimana Layout Orizzontale|Gennaio - Dicembre 12 mesi | Agenda Annuale 2026 | Copertura in polipropilene Spirale Design Collection - Ora - Italiano","B0FG38F6CP","B0FG38F6CP","finocam","Diari per appuntamenti e agende","Archivio ufficio e accessori per scrivania","16","58","100","0","0.00","29.52","0","3","0.00","0","0","5.2"
"Finocam - Agenda Spirale 2026 Settimana Layout Orizzontale|Gennaio - Dicembre 12 mesi | Agenda Annuale 2026 | Copertura in polipropilene Spirale Design Collection - Goldy - Italiano","B0FG38QL8B","B0FG38QL8B","finocam","Diari per appuntamenti e agende","Archivio ufficio e accessori per scrivania","0","116","0","0","0.00","39.36","0","4","0.00","0","0","3.4"
"Finocam - Agenda Spirale 2026 1 Giorno per Pagina | Gennaio - Dicembre 12 mesi | Agenda Annuale 2026 | Copertura in polipropilene Spirale Design Collection - Flora - Italiano, Giornaliera","B0FG39DQ9Q","B0FG39DQ9Q","finocam","Diari per appuntamenti e agende","Archivio ufficio e accessori per scrivania","13","83","100","0","0.00","15.63","0","1","0.00","0","0","1.2"
"Finocam - Agenda Spirale 2026 1 Giorno per Pagina | Gennaio - Dicembre 12 mesi | Agenda Annuale 2026 | Copertura in polipropilene Spirale Design Collection - Goldy - Italiano, Giornaliera","B0FG39LB7S","B0FG39LB7S","finocam","Diari per appuntamenti e agende","Archivio ufficio e accessori per scrivania","75","53","100","0","0.00","15.89","0","1","0.00","0","0","1.9"
"Finocam - Agenda Spirale 2026 Settimana Layout Orizzontale|Gennaio - Dicembre 12 mesi | Agenda Annuale 2026 con elastico | Copertura in polipropilene Spirale Opaca - Nero - Italiano","B0FG3BLQFF","B0FG3BLQFF","finocam","Diari per appuntamenti e agende","Archivio ufficio e accessori per scrivania","12","24","100","0","0.00","39.36","0","4","0.00","0","0","16.7"
"Finocam - Agenda Spirale 2026 1 Giorno per Pagina | Gennaio - Dicembre 12 mesi | Agenda Annuale 2026 | Copertura in polipropilene Spirale Design Collection - Impossible - Italiano, Giornaliera","B0FG3C7CGN","B0FG3C7CGN","finocam","Diari per appuntamenti e agende","Archivio ufficio e accessori per scrivania","10","11","100","0","0.00","0.00","0","0","0.00","0","0","0"
"Finocam - Agenda Spirale 2026 Settimana Layout Orizzontale|Gennaio - Dicembre 12 mesi | Agenda Annuale 2026 con elastico | Copertura in polipropilene Spirale Opaca - Blu - Italiano","B0FG3CJW8M","B0FG3CJW8M","finocam","Diari per appuntamenti e agende","Archivio ufficio e accessori per scrivania","18","20","100","0","0.00","9.84","0","1","0.00","0","0","5"
"Finocam - Agenda Spirale 2026 1 Giorno per Pagina | Gennaio - Dicembre 12 mesi | Agenda Annuale 2026 con elastico | Copertura in polipropilene Spirale Opaca - Blu - Italiano, Giornaliera","B0FG3CMYPF","B0FG3CMYPF","finocam","Diari per appuntamenti e agende","Archivio ufficio e accessori per scrivania","28","31","91.4","0","0.00","89.24","0","6","0.00","0","0","19.4"
"Finocam - Calendario da parete 2026 Layout Mensile Gennaio - Dicembre 2026 12 mesi | Calendario 2026 per annotazioni | Planner mensile Neutro - Italiano, Muro scrivere, Lungo S - 110x235 mm","B0FG3D36KM","B0FG3D36KM","finocam","Diari per appuntamenti e agende","Archivio ufficio e accessori per scrivania","0","312","0","0","0.00","144.32","0","32","0.00","0","0","10.3"
"Finocam - Calendario da parete 2026 Layout Mensile Gennaio - Dicembre 2026 12 mesi | Calendario 2026 per annotazioni | Planner mensile Neutro - Italiano, Muro scrivere, M - 265x245 mm","B0FG3DGKX6","B0FG3DGKX6","finocam","Diari per appuntamenti e agende","Archivio ufficio e accessori per scrivania","21","36","100","0","0.00","15.24","0","3","0.00","0","0","8.3"
"Finocam - Calendario da parete 2026 Layout Mensile Gennaio - Dicembre 2026 12 mesi | Calendario 2026 per annotazioni | Planner mensile Neutro - Italiano, Muro scrivere, Lungo L - 155x430 mm","B0FG3DQZMC","B0FG3DQZMC","finocam","Diari per appuntamenti e agende","Archivio ufficio e accessori per scrivania","0","55","0","0","0.00","69.70","0","10","0.00","0","0","18.2"
"Finocam - Agenda Spirale 2026 Settimana Layout Orizzontale | Gennaio - Dicembre 12 mesi | Agenda Annuale 2026 | Copertura in polipropilene Spirale Design Collection - Impossible - Italiano","B0FG3DYZ6C","B0FG3DYZ6C","finocam","Diari per appuntamenti e agende","Archivio ufficio e accessori per scrivania","12","96","100","0","0.00","19.68","0","2","0.00","0","0","2.1"
"Finocam - Calendario da tavolo per scrivere 2026 Layout Mensile Gennaio - Dicembre 2026 12 mesi | Calendario 2026 | Planner mensile Neutro - Italiano, Tavolo scrivere, S - 210x150 mm","B0FG3GPPHJ","B0FG3GPPHJ","finocam","Diari per appuntamenti e agende","Archivio ufficio e accessori per scrivania","0","7","0","0","0.00","14.76","0","3","0.00","0","0","42.9"
"Finocam - Agenda Spirale 2026 Settimana Layout Orizzontale|Gennaio - Dicembre 12 mesi | Agenda Annuale 2026 con elastico | Copertura in polipropilene Spirale Design Collection - Flora - Italiano","B0FG3GQRRS","B0FG3GQRRS","finocam","Diari per appuntamenti e agende","Archivio ufficio e accessori per scrivania","33","101","96.4","0","0.00","49.20","0","5","0.00","0","0","5"
"Finocam - Calendario da scrivania per scrivere 2026 con Numeri Grandi Layout Mensile Gennaio - Dicembre 2026 12 mesi | Calendario 2026 | Planner mensile Neutro - Italiano, Tavolo Numero Grandi","B0FG3HF7Z6","B0FG3HF7Z6","finocam","Diari per appuntamenti e agende","Archivio ufficio e accessori per scrivania","0","90","0","0","0.00","36.08","0","8","0.00","0","0","8.9"
"Finocam Haiku Planner mensile non datato | Layout Mensile | Verde · Internazionale - Planner","B0GJSPQWGQ","B0GJSPQWGQ","finocam","Organizer personali","Organizzazione dell'ufficio","12","0","100","0","0.00","0.00","0","0","0.00","0","0","0"
"Finocam Set di adesivi F12 | Pro - Organizzazione personale - Stickers","B0GJSWN3TH","B0GJSWN3TH","finocam","Organizer personali","Organizzazione dell'ufficio","0","0","0","0","0.00","0.00","0","0","0.00","0","0","0"
"Finocam Nexo Double Quaderno Copertina Rigida | Pagina bianca | Blu marino","B0GJSWRDX5","B0GJSWRDX5","finocam","Blocchi appunti, taccuini e diari","Archivio ufficio e accessori per scrivania","5","0","100","0","0.00","0.00","0","0","0.00","0","0","0"
"Finocam Nexo Double Quaderno Copertina Rigida | Pagina bianca | Nero","B0GJSX8QPW","B0GJSX8QPW","finocam","Blocchi appunti, taccuini e diari","Archivio ufficio e accessori per scrivania","1","0","100","0","0.00","0.00","0","0","0.00","0","0","0"
"Finocam Blocchetti adesivi planning non datati F03 | 1 Giorno per Pagina · Internazionale - Organizzazione personale","B0GJSYKX9W","B0GJSYKX9W","finocam","Organizer personali","Organizzazione dell'ufficio","1","0","100","0","0.00","0.00","0","0","0.00","0","0","0"
"Finocam Haiku Planner settimanale non datato | Layout Settimanale Verticale | Nero · Internazionale - Planner","B0GJT13SGR","B0GJT13SGR","finocam","Organizer personali","Organizzazione dell'ufficio","71","0","100","0","0.00","0.00","0","0","0.00","0","0","0"
"Finocam Moniquilla Quaderno Copertina Rigida | Pagina bianca | Azzurro","B0GJT2Y9T1","B0GJT2Y9T1","finocam","Blocchi appunti, taccuini e diari","Archivio ufficio e accessori per scrivania","19","0","100","0","0.00","0.00","0","0","0.00","0","0","0"
"Finocam Bari Planner non datato | Layout Settimanale Orizzontale · Internazionale","B0GJT4C7DJ","B0GJT4C7DJ","finocam","Organizer personali","Organizzazione dell'ufficio","1","0","100","0","0.00","0.00","0","0","0.00","0","0","0"
"Finocam Set di adesivi F13 | Fun - Organizzazione personale - Stickers","B0GJT4X4ML","B0GJT4X4ML","finocam","Organizer personali","Organizzazione dell'ufficio","8","0","100","0","0.00","0.00","0","0","0.00","0","0","0"
"Finocam Set di blocchetti adesivi F08 | Pro - Organizzazione personale","B0GJT5WC7Q","B0GJT5WC7Q","finocam","Organizer personali","Organizzazione dell'ufficio","3","0","100","0","0.00","0.00","0","0","0.00","0","0","0"
"Finocam Bari Planner non datato | Layout Settimanale Verticale · Internazionale","B0GJT72RNL","B0GJT72RNL","finocam","Organizer personali","Organizzazione dell'ufficio","2","0","100","0","0.00","0.00","0","0","0.00","0","0","0"
"Finocam Dynamic Mara Agenda Settimanale 2027 | Nero","B0GYNL1S92","B0GYNL1S92","finocam","Diari per appuntamenti e agende","Archivio ufficio e accessori per scrivania","9","0","100","0","0.00","0.00","0","0","0.00","0","0","0"
"Finocam Moda Agenda Giornaliera 2027 | Azzurro","B0GYNNC6LH","B0GYNNC6LH","finocam","Diari per appuntamenti e agende","Archivio ufficio e accessori per scrivania","0","0","0","0","0.00","0.00","0","0","0.00","0","0","0"
"Finocam Dynamic Porto Design Agenda Settimanale 2027 | Malva","B0GYNNWK6J","B0GYNNWK6J","finocam","Diari per appuntamenti e agende","Archivio ufficio e accessori per scrivania","28","0","100","0","0.00","0.00","0","0","0.00","0","0","0"
"Finocam Calendario da Parete Internazionale 2027 | Immagini Traveling - Calendario mensile - Pianificazione e Organizzazione","B0GYNP9HR2","B0GYNP9HR2","finocam","calendari","Organizzazione dell'ufficio","36","0","100","0","0.00","0.00","0","0","0.00","0","0","0"
"Finocam Dynamic Mara Agenda Settimanale 2027 | Azzurro","B0GYNR4B7R","B0GYNR4B7R","finocam","Diari per appuntamenti e agende","Archivio ufficio e accessori per scrivania","8","0","100","0","0.00","0.00","0","0","0.00","0","0","0"
"Finocam Dynamic Porto Agenda Giornaliera 2027 | Azzurro","B0GYNRKMN9","B0GYNRKMN9","finocam","Diari per appuntamenti e agende","Archivio ufficio e accessori per scrivania","5","0","100","0","0.00","0.00","0","0","0.00","0","0","0"
"Finocam Spirale Alma Agenda Settimanale 2027 | Rosa","B0GYNRR2RR","B0GYNRR2RR","finocam","Diari per appuntamenti e agende","Archivio ufficio e accessori per scrivania","11","0","100","0","0.00","0.00","0","0","0.00","0","0","0"
"Finocam Moda Agenda Settimanale 2027 | Azzurro","B0GYNRZ13W","B0GYNRZ13W","finocam","Diari per appuntamenti e agende","Archivio ufficio e accessori per scrivania","8","0","100","0","0.00","0.00","0","0","0.00","0","0","0"
"Finocam Capri Agenda Settimanale 2027 | Nero","B0GYNS99SY","B0GYNS99SY","finocam","Diari per appuntamenti e agende","Archivio ufficio e accessori per scrivania","50","0","100","0","0.00","0.00","0","0","0.00","0","0","0"
"Finocam Calendario da Parete Internazionale 2027 | Immagini Dogs - Calendario mensile - Pianificazione e Organizzazione","B0GYNTJC78","B0GYNTJC78","finocam","calendari","Organizzazione dell'ufficio","23","0","100","0","0.00","0.00","0","0","0.00","0","0","0"
"Finocam Calendario da Parete Internazionale 2027 | Immagini Charming - Calendario mensile - Pianificazione e Organizzazione","B0GYNTQ64T","B0GYNTQ64T","finocam","calendari","Organizzazione dell'ufficio","52","0","100","0","0.00","0.00","0","0","0.00","0","0","0"
"Finocam Planner Agenda + Note 2027 | Layout Settimanale + note | Grigio - Internazionale - Agenda settimanale","B0GYNTR867","B0GYNTR867","finocam","Diari per appuntamenti e agende","Archivio ufficio e accessori per scrivania","13","0","100","0","0.00","0.00","0","0","0.00","0","0","0"
"Finocam Moda Agenda Giornaliera 2027 | Rosa","B0GYNTS8JF","B0GYNTS8JF","finocam","Diari per appuntamenti e agende","Archivio ufficio e accessori per scrivania","5","0","100","0","0.00","0.00","0","0","0.00","0","0","0"
"Finocam Capri Agenda Giornaliera 2027 | Happy","B0GYNV2YKJ","B0GYNV2YKJ","finocam","Diari per appuntamenti e agende","Archivio ufficio e accessori per scrivania","115","0","100","0","0.00","0.00","0","0","0.00","0","0","0"
"Finocam Moda Agenda Settimanale 2027 | Spiga","B0GYNV726D","B0GYNV726D","finocam","Diari per appuntamenti e agende","Archivio ufficio e accessori per scrivania","2","0","100","0","0.00","0.00","0","0","0.00","0","0","0"
"Finocam Spirale Alma Agenda Giornaliera 2027 | Rosa","B0GYNVBQ13","B0GYNVBQ13","finocam","Diari per appuntamenti e agende","Archivio ufficio e accessori per scrivania","11","0","100","0","0.00","0.00","0","0","0.00","0","0","0"
"Finocam Dynamic Porto Design Agenda Giornaliera 2027 | Camila","B0GYNVVN2S","B0GYNVVN2S","finocam","Diari per appuntamenti e agende","Archivio ufficio e accessori per scrivania","10","0","100","0","0.00","0.00","0","0","0.00","0","0","0"
"Finocam Calendario da Parete Internazionale 2027 | Immagini Venice - Calendario mensile - Pianificazione e Organizzazione","B0GYNW2R9M","B0GYNW2R9M","finocam","calendari","Organizzazione dell'ufficio","47","0","100","0","0.00","0.00","0","0","0.00","0","0","0"
"Finocam Capri Agenda Giornaliera 2027 | Nero","B0GYNW3GFK","B0GYNW3GFK","finocam","Diari per appuntamenti e agende","Archivio ufficio e accessori per scrivania","397","0","100","0","0.00","0.00","0","0","0.00","0","0","0"
"Finocam Dynamic Berlino Agenda Settimanale 2027 | Foglie","B0GYNW59MH","B0GYNW59MH","finocam","Diari per appuntamenti e agende","Archivio ufficio e accessori per scrivania","18","0","100","0","0.00","0.00","0","0","0.00","0","0","0"
"Finocam Calendario da Parete Internazionale 2027 | Immagini Cats - Calendario mensile - Pianificazione e Organizzazione","B0GYNW9YT9","B0GYNW9YT9","finocam","calendari","Organizzazione dell'ufficio","24","0","100","0","0.00","0.00","0","0","0.00","0","0","0"
"Finocam Dynamic Porto Agenda Giornaliera 2027 | Rosso","B0GYNWDD9X","B0GYNWDD9X","finocam","Diari per appuntamenti e agende","Archivio ufficio e accessori per scrivania","1","0","100","0","0.00","0.00","0","0","0.00","0","0","0"
"Finocam Dynamic Porto Design Agenda Settimanale 2027 | Botanic","B0GYNWDTM4","B0GYNWDTM4","finocam","Diari per appuntamenti e agende","Archivio ufficio e accessori per scrivania","58","0","100","0","0.00","0.00","0","0","0.00","0","0","0"
"Finocam Dynamic Porto Design Agenda Giornaliera 2027 | Botanic","B0GYNWGM4Q","B0GYNWGM4Q","finocam","Diari per appuntamenti e agende","Archivio ufficio e accessori per scrivania","34","0","100","0","0.00","0.00","0","0","0.00","0","0","0"
"Finocam Capri Agenda Giornaliera 2027 | Nero","B0GYNWMLRD","B0GYNWMLRD","finocam","Diari per appuntamenti e agende","Archivio ufficio e accessori per scrivania","29","0","100","0","0.00","0.00","0","0","0.00","0","0","0"
"Finocam Calendario da Tavolo Internazionale 2027 | Immagini Nature - Calendario mensile - Pianificazione e Organizzazione","B0GYNWPBNX","B0GYNWPBNX","finocam","calendari","Organizzazione dell'ufficio","7","0","100","0","0.00","0.00","0","0","0.00","0","0","0"
"Finocam Dynamic Berlino Agenda Settimanale 2027 | Grano","B0GYNWQ6MP","B0GYNWQ6MP","finocam","Diari per appuntamenti e agende","Archivio ufficio e accessori per scrivania","31","0","100","0","0.00","0.00","0","0","0.00","0","0","0"
"Finocam Capri Agenda Settimanale 2027 | Nero","B0GYNWRFXH","B0GYNWRFXH","finocam","Diari per appuntamenti e agende","Archivio ufficio e accessori per scrivania","286","0","100","0","0.00","0.00","0","0","0.00","0","0","0"
"Finocam Spirale Alma Agenda Giornaliera 2027 | Nero","B0GYNX5Q2R","B0GYNX5Q2R","finocam","Diari per appuntamenti e agende","Archivio ufficio e accessori per scrivania","7","0","100","0","0.00","0.00","0","0","0.00","0","0","0"
"Finocam Dynamic Berlino Agenda Settimanale 2027 | Cotton","B0GYNXR61R","B0GYNXR61R","finocam","Diari per appuntamenti e agende","Archivio ufficio e accessori per scrivania","15","0","100","0","0.00","0.00","0","0","0.00","0","0","0"
"Finocam Dynamic Porto Design Agenda Giornaliera 2027 | Malva","B0GYNZ65Z9","B0GYNZ65Z9","finocam","Diari per appuntamenti e agende","Archivio ufficio e accessori per scrivania","19","0","100","0","0.00","0.00","0","0","0.00","0","0","0"
"Finocam Spirale Alma Agenda Giornaliera 2027 | Azzurro","B0GYNZKR9S","B0GYNZKR9S","finocam","Diari per appuntamenti e agende","Archivio ufficio e accessori per scrivania","24","0","100","0","0.00","0.00","0","0","0.00","0","0","0"
"Finocam Moda Agenda Giornaliera 2027 | Nero","B0GYNZPR6P","B0GYNZPR6P","finocam","Diari per appuntamenti e agende","Archivio ufficio e accessori per scrivania","2","0","100","0","0.00","0.00","0","0","0.00","0","0","0"
"Finocam Spirale You Agenda Settimanale 2027 | Foglie","B0GYNZQ2V8","B0GYNZQ2V8","finocam","Diari per appuntamenti e agende","Archivio ufficio e accessori per scrivania","6","0","100","0","0.00","0.00","0","0","0.00","0","0","0"
"Finocam Spirale You Agenda Settimanale 2027 | Cotton","B0GYNZWPZ8","B0GYNZWPZ8","finocam","Diari per appuntamenti e agende","Archivio ufficio e accessori per scrivania","12","0","100","0","0.00","0.00","0","0","0.00","0","0","0"
"Finocam Optimal Agenda Settimanale 2027 | Azzurro","B0GYNZXLLX","B0GYNZXLLX","finocam","Diari per appuntamenti e agende","Archivio ufficio e accessori per scrivania","1","0","100","0","0.00","0.00","0","0","0.00","0","0","0"
"Finocam Optimal Agenda Giornaliera 2027 | Grigio","B0GYP18TXB","B0GYP18TXB","finocam","Diari per appuntamenti e agende","Archivio ufficio e accessori per scrivania","1","0","100","0","0.00","0.00","0","0","0.00","0","0","0"
"Finocam Optimal Agenda Settimanale 2027 | Grigio","B0GYP2DXDM","B0GYP2DXDM","finocam","Diari per appuntamenti e agende","Archivio ufficio e accessori per scrivania","4","0","100","0","0.00","0.00","0","0","0.00","0","0","0"
"Finocam Moda Agenda Settimanale 2027 | Nero","B0GYP2VBZL","B0GYP2VBZL","finocam","Diari per appuntamenti e agende","Archivio ufficio e accessori per scrivania","1","0","100","0","0.00","0.00","0","0","0.00","0","0","0"
"Finocam Calendario da Parete Internazionale 2027 | Immagini Dogs - Calendario mensile - Pianificazione e Organizzazione","B0GYP2XVQX","B0GYP2XVQX","finocam","calendari","Organizzazione dell'ufficio","14","0","100","0","0.00","0.00","0","0","0.00","0","0","0"
"Finocam Spirale Alma Agenda Settimanale 2027 | Verde","B0GYP37Q7Z","B0GYP37Q7Z","finocam","Diari per appuntamenti e agende","Archivio ufficio e accessori per scrivania","20","0","100","0","0.00","0.00","0","0","0.00","0","0","0"
"Finocam Moda Agenda Giornaliera 2027 | Quadretti","B0GYP39DY1","B0GYP39DY1","finocam","Diari per appuntamenti e agende","Archivio ufficio e accessori per scrivania","1","0","100","0","0.00","0.00","0","0","0.00","0","0","0"
"Finocam Moda Agenda Settimanale 2027 | Rosa","B0GYP3TJ5Y","B0GYP3TJ5Y","finocam","Diari per appuntamenti e agende","Archivio ufficio e accessori per scrivania","13","0","100","0","0.00","0.00","0","0","0.00","0","0","0"
"Finocam Spirale Alma Agenda Giornaliera 2027 | Verde","B0GYP3XT8X","B0GYP3XT8X","finocam","Diari per appuntamenti e agende","Archivio ufficio e accessori per scrivania","15","0","100","0","0.00","0.00","0","0","0.00","0","0","0"
"Finocam Spirale Alma Agenda Settimanale 2027 | Nero","B0GYP49B7N","B0GYP49B7N","finocam","Diari per appuntamenti e agende","Archivio ufficio e accessori per scrivania","5","0","100","0","0.00","0.00","0","0","0.00","0","0","0"
"Finocam Dynamic Porto Agenda Settimanale 2027 | Nero","B0GYP571CD","B0GYP571CD","finocam","Diari per appuntamenti e agende","Archivio ufficio e accessori per scrivania","11","0","100","0","0.00","0.00","0","0","0.00","0","0","0"
"Finocam Moda Agenda Giornaliera 2027 | Spiga","B0GYP5J9FQ","B0GYP5J9FQ","finocam","Diari per appuntamenti e agende","Archivio ufficio e accessori per scrivania","2","0","100","0","0.00","0.00","0","0","0.00","0","0","0"
"Finocam Spirale You Agenda Settimanale 2027 | Grano","B0GYP5LG2P","B0GYP5LG2P","finocam","Diari per appuntamenti e agende","Archivio ufficio e accessori per scrivania","23","0","100","0","0.00","0.00","0","0","0.00","0","0","0"
"Finocam Spirale Alma Agenda Settimanale 2027 | Azzurro","B0GYP5XHNX","B0GYP5XHNX","finocam","Diari per appuntamenti e agende","Archivio ufficio e accessori per scrivania","14","0","100","0","0.00","0.00","0","0","0.00","0","0","0"
"Finocam Moda Agenda Settimanale 2027 | Quadretti","B0GYPBNBMT","B0GYPBNBMT","finocam","Diari per appuntamenti e agende","Archivio ufficio e accessori per scrivania","4","0","100","0","0.00","0.00","0","0","0.00","0","0","0"
"Finocam Calendario da Parete per Scrivere 2027 | Art Frasi ispiratrici - Lingua: Italiano - Calendario mensile - Pianificazione e Organizzazione","B0H391JNLS","B0H391JNLS","finocam","calendari","Organizzazione dell'ufficio","15","0","100","0","0.00","0.00","0","0","0.00","0","0","0"
"Finocam Calendario da Parete per Scrivere 2027 | Art Frasi motivazionali - Lingua: Italiano - Calendario mensile - Pianificazione e Organizzazione","B0H3946RR6","B0H3946RR6","finocam","calendari","Organizzazione dell'ufficio","17","0","100","0","0.00","0.00","0","0","0.00","0","0","0"
"Finocam Calendario da Parete per Scrivere 2027 | Art Sarah Meyer-Delius - Lingua: Italiano - Calendario mensile - Pianificazione e Organizzazione","B0H39593N7","B0H39593N7","finocam","calendari","Organizzazione dell'ufficio","6","0","100","0","0.00","0.00","0","0","0.00","0","0","0"
"Finocam Calendario da Parete per Scrivere 2027 | Art Moniquilla - Lingua: Italiano - Calendario mensile - Pianificazione e Organizzazione","B0H395DT7T","B0H395DT7T","finocam","calendari","Organizzazione dell'ufficio","72","0","100","0","0.00","0.00","0","0","0.00","0","0","0"
"Finocam Calendario da Parete per Scrivere 2027 | Neutro - Lingua: Italiano - Calendario mensile - Pianificazione e Organizzazione","B0H397G2GC","B0H397G2GC","finocam","calendari","Organizzazione dell'ufficio","4","0","100","0","0.00","0.00","0","0","0.00","0","0","0"
