"title","asin","vpi","brand","categoryLabel","parentCategory","glanceViews","priorGlanceViews","buyBoxPercentage","priorBuyBoxPercentage","orderedRevenue","priorOrderedRevenue","orderedUnits","priorOrderedUnits","avgPrice","unitsPerGlanceViews","conversionRate","priorConversionRate"
"Finocam Capri Agenda Settimanale 16 Mesi 2026 2027| Happy","B0GJT1MPDL","B0GJT1MPDL","finocam","Diari per appuntamenti e agende","Archivio ufficio e accessori per scrivania","5240","0","100","0","1139.06","0.00","109","0","10.45","0","2.1","0"
"Finocam - Rubrica alfabetica a doppia spirale con chiusura a elastico | 48 fogli | Rubrica A5 alfabetica a doppia spirale - colore Nero","B07P6G6T1T","B07P6G6T1T","finocam","Blocchi appunti, taccuini e diari","Archivio ufficio e accessori per scrivania","476","110","97.5","0","499.77","94.30","53","10","9.43","0","11.1","9.1"
"Finocam Capri Agenda Settimanale 16 Mesi 2026 2027| Giungla","B0GJT13HPB","B0GJT13HPB","finocam","Diari per appuntamenti e agende","Archivio ufficio e accessori per scrivania","1305","0","100","0","313.50","0.00","30","0","10.45","0","2.3","0"
"APS misurino Circa Diametro 12 cm, Altezza 17 cm Circa 1L, Polipropilene (PP) Maniglia Chiusa, Goffrato Mass skalierung","B004LO9F1G","B004LO9F1G","APS","32809430","32809400","208","109","100","0","298.51","63.71","35","6","8.53","0","16.8","5.5"
"Finocam - Portadocumenti A5 NOPAL - Nero | Cartella con Cerniera - Tasca interna per tablet | Cartella per appunti | Portadocumenti BIOMATERIALE - BASE CACTUS","B0DV5SNSCV","B0DV5SNSCV","finocam","22903151","Archivio ufficio e accessori per scrivania","41","1","90","0","289.85","0.00","11","0","26.35","0","26.8","0"
"APS Vassoio fast food, infrangibile e lavabile in lavastoviglie, prodotto in Germania, 53 x 32,5 cm, altezza 2 cm (GN 1/1), nero, 553, 53 x 32,5 cm, h: 2 cm","B06XPKG92N","B06XPKG92N","APS","32809430","32809400","39","10","91.1","0","284.78","0.00","15","0","18.99","0","38.5","0"
"Finocam - Rubrica alfabetica a doppia spirale con chiusura a elastico | 48 fogli | Rubrica A5 alfabetica a doppia spirale - colore Magenta","B01D025HWK","B01D025HWK","finocam","Blocchi appunti, taccuini e diari","Archivio ufficio e accessori per scrivania","294","112","100","0","282.85","122.59","30","13","9.43","0","10.2","11.6"
"Vaso di conservazione APS""Classic"" - in vetro di alta qualità con una capacità di 2,0 litri - il coperchio con guarnizione mantiene i vostri prodotti freschi","B07W86HWQ2","B07W86HWQ2","APS","Altro","32809400","109","222","90.2","0","275.87","236.56","11","8","25.08","0","10.1","3.6"
"APS Vaso portaoggetti classico, contenitore in vetro di alta qualità da 0,9 l, mantiene i tuoi prodotti freschi attraverso il coperchio in vetro con contenitore di tenuta","B07W738MXS","B07W738MXS","APS","Altro","32809400","333","517","100","0","260.35","218.76","20","18","13.02","0","6","3.5"
"Finocam Mara Agenda Settimanale 18 Mesi 2026 2027 | Pretty","B0GJTBHR9G","B0GJTBHR9G","finocam","Diari per appuntamenti e agende","Archivio ufficio e accessori per scrivania","823","0","100","0","256.18","0.00","21","0","12.20","0","2.6","0"
"Finocam Mara Agenda Giornaliera 18 Mesi 2026 2027 | Pretty","B0GJSSNL18","B0GJSSNL18","finocam","Diari per appuntamenti e agende","Archivio ufficio e accessori per scrivania","505","0","100","0","250.80","0.00","15","0","16.72","0","3","0"
"Finocam Dotted Agenda Settimanale 16 Mesi 2026 2027| Gala","B0GJSTYCBJ","B0GJSTYCBJ","finocam","Diari per appuntamenti e agende","Archivio ufficio e accessori per scrivania","1332","0","100","0","224.91","0.00","21","0","10.71","0","1.6","0"
"Finocam - Rubrica alfabetica a doppia spirale con chiusura a elastico | 48 fogli | Rubrica A5 alfabetica a doppia spirale - colore Magenta","B07P6G7LZ7","B07P6G7LZ7","finocam","Blocchi appunti, taccuini e diari","Archivio ufficio e accessori per scrivania","321","120","100","0","216.89","132.02","23","14","9.43","0","7.2","11.7"
"Finocam Capri Agenda Settimanale 16 Mesi 2026 2027| Nero","B0GJSWKQDQ","B0GJSWKQDQ","finocam","Diari per appuntamenti e agende","Archivio ufficio e accessori per scrivania","611","0","100","0","209.00","0.00","20","0","10.45","0","3.3","0"
"Finocam Mara Agenda Settimanale 18 Mesi 2026 2027 | Girl","B0GJT5X8Y8","B0GJT5X8Y8","finocam","Diari per appuntamenti e agende","Archivio ufficio e accessori per scrivania","894","0","100","0","207.38","0.00","17","0","12.20","0","1.9","0"
"Finocam Mara Agenda Giornaliera 18 Mesi 2026 2027 | Nero","B0GJT3MCGM","B0GJT3MCGM","finocam","Diari per appuntamenti e agende","Archivio ufficio e accessori per scrivania","433","0","99.1","0","183.92","0.00","11","0","16.72","0","2.5","0"
"finocam - Agenda senza data Mytime Settimana Layout Verticale Internazionale","B0BS49SS5T","B0BS49SS5T","finocam","Diari per appuntamenti e agende","Archivio ufficio e accessori per scrivania","753","950","100","0","166.03","202.57","24","31","6.92","0","3.2","3.3"
"Finocam Dotted Agenda Settimanale 16 Mesi 2026 2027| Bloom","B0GJT2872V","B0GJT2872V","finocam","Diari per appuntamenti e agende","Archivio ufficio e accessori per scrivania","608","0","100","0","162.01","0.00","15","0","10.80","0","2.5","0"
"APS Vasetto portaoggetti Classico, Barattolo di Alta qualità da 4,0 Litri, Mantiene i Tuoi Prodotti freschi Attraverso Il Coperchio in Vetro con Contenitore di Tenuta","B07WCD2GYV","B07WCD2GYV","APS","Altro","32809400","71","76","91.9","0","145.35","162.02","5","5","29.07","0","7","6.6"
"Finocam Dotted Agenda Settimanale 16 Mesi 2026 2027| Nero","B0GJSV82XJ","B0GJSV82XJ","finocam","Diari per appuntamenti e agende","Archivio ufficio e accessori per scrivania","407","0","100","0","140.40","0.00","13","0","10.80","0","3.2","0"
"Finocam Mínimal Agenda Settimanale 18 Mesi 2026 2027 | Daisy","B0GJT5BXLY","B0GJT5BXLY","finocam","Diari per appuntamenti e agende","Archivio ufficio e accessori per scrivania","211","0","100","0","139.30","0.00","10","0","13.93","0","4.7","0"
"Finocam Mínimal Agenda Settimanale 18 Mesi 2026 2027 | Daisy","B0GJT7CD83","B0GJT7CD83","finocam","Diari per appuntamenti e agende","Archivio ufficio e accessori per scrivania","690","0","100","0","130.26","0.00","11","0","11.84","0","1.6","0"
"Finocam Planner Agenda 2027 Grigio - Internazionale - Organizzazione e Pianificazione - Agenda Mensile","B0GYP7BL44","B0GYP7BL44","finocam","Diari per appuntamenti e agende","Archivio ufficio e accessori per scrivania","350","0","100","0","129.80","0.00","22","0","5.90","0","6.3","0"
"Finocam Espiral Agenda Settimanale 18 Mesi 2026 2027 | Girl","B0GJST9G3G","B0GJST9G3G","finocam","Diari per appuntamenti e agende","Archivio ufficio e accessori per scrivania","534","0","100","0","126.76","0.00","13","0","9.75","0","2.4","0"
"Finocam Espiral Agenda Settimanale 18 Mesi 2026 2027 | Pretty","B0GJSX425K","B0GJSX425K","finocam","Diari per appuntamenti e agende","Archivio ufficio e accessori per scrivania","485","0","100","0","117.00","0.00","12","0","9.75","0","2.5","0"
"APS Vassoio fast food, infrangibile e lavabile in lavastoviglie, prodotto in Germania, 53 x 32,5 cm, altezza 2 cm (GN 1/1), grigio","B06XPJLTTL","B06XPJLTTL","APS","32809430","32809400","85","41","83.3","0","115.66","53.68","8","3","14.46","0","9.4","7.3"
"Finocam Dynamic Porto Design Agenda Giornaliera 2027 | Botanic","B0GYNWGM4Q","B0GYNWGM4Q","finocam","Diari per appuntamenti e agende","Archivio ufficio e accessori per scrivania","908","0","100","0","115.05","0.00","13","0","8.85","0","1.4","0"
"Finocam Calendario da Parete per Scrivere 2027 | Neutro - Lingua: Italiano - Calendario mensile - Pianificazione e Organizzazione","B0H393P86Y","B0H393P86Y","finocam","calendari","Organizzazione dell'ufficio","352","0","100","0","105.57","0.00","23","0","4.59","0","6.5","0"
"finocam - Agenda senza data Mytime 1 Giorno per Pagina Internazionale","B0BS4996B7","B0BS4996B7","finocam","Diari per appuntamenti e agende","Archivio ufficio e accessori per scrivania","171","195","100","0","104.50","58.80","10","6","10.45","0","5.8","3.1"
"Finocam Calendario da Tavolo per Scrivere 2027 | Neutro - Lingua: Italiano - Calendario mensile - Pianificazione e Organizzazione","B0H393B1X3","B0H393B1X3","finocam","calendari","Organizzazione dell'ufficio","154","0","100","0","101.60","0.00","20","0","5.08","0","13","0"
"Finocam Mínimal Agenda Settimanale 18 Mesi 2026 2027 | Nero","B0GJT23KQK","B0GJT23KQK","finocam","Diari per appuntamenti e agende","Archivio ufficio e accessori per scrivania","170","0","100","0","94.60","0.00","8","0","11.82","0","4.7","0"
"Finocam - Rubrica telefonica a doppia spirale con chiusura a elastico | 48 fogli | Agenda A5 con rubrica telefonica rilegata a doppia spirale - colore Magenta","B00CP46HV0","B00CP46HV0","finocam","Blocchi appunti, taccuini e diari","Archivio ufficio e accessori per scrivania","107","58","100","0","94.29","47.15","10","5","9.43","0","9.3","8.6"
"Finocam Dynamic Porto Design Agenda Settimanale 2027 | Botanic","B0GYNWDTM4","B0GYNWDTM4","finocam","Diari per appuntamenti e agende","Archivio ufficio e accessori per scrivania","581","0","100","0","94.08","0.00","14","0","6.72","0","2.4","0"
"APS großes Vorratsglas, Vorratsdose mit Edelstahl Schraubdeckel 12,5 x 19cm, H: 18cm, Fassungsvermögen 1 Liter","B01DMBQ1XI","B01DMBQ1XI","APS","Altro","32809400","69","69","91.7","0","92.45","28.86","8","2","11.56","0","11.6","2.9"
"Finocam Ikon Agenda Giornaliera 16 Mesi 2026 2027 | Bordeaux","B0GJSRYFXP","B0GJSRYFXP","finocam","Diari per appuntamenti e agende","Archivio ufficio e accessori per scrivania","213","0","100","0","91.98","0.00","6","0","15.33","0","2.8","0"
"Finocam Event Libro delle Firme | Marrone","B0GJSX5C2F","B0GJSX5C2F","finocam","Organizer personali","Organizzazione dell'ufficio","60","0","96.2","0","89.80","0.00","3","0","29.93","0","5","0"
"finocam Taccuino Nexo Copertina Morbida Dotted Rosa, Taccuino A5 con Fogli Microforati, Tasca e Portapenna, 72 Fogli, Ideale per Bullet Journal","B0DV5T33V8","B0DV5T33V8","finocam","22903203","Archivio ufficio e accessori per scrivania","16","8","90.2","0","88.54","0.00","9","0","9.84","0","56.3","0"
"Finocam Dynamic Milano Agenda Giornaliera 2027 | 2 Pagine per Giorno | Nero","B0GYNS7TGL","B0GYNS7TGL","finocam","Diari per appuntamenti e agende","Archivio ufficio e accessori per scrivania","120","0","100","0","86.06","0.00","2","0","43.03","0","1.7","0"
"Finocam Capri Agenda Settimanale 2027 | Happy","B0GYNRNJXC","B0GYNRNJXC","finocam","Diari per appuntamenti e agende","Archivio ufficio e accessori per scrivania","543","0","100","0","86.04","0.00","6","0","14.34","0","1.1","0"
"Finocam Dynamic Porto Design Agenda Settimanale 2027 | Camila","B0GYNTBZXT","B0GYNTBZXT","finocam","Diari per appuntamenti e agende","Archivio ufficio e accessori per scrivania","736","0","100","0","73.92","0.00","11","0","6.72","0","1.5","0"
"Finocam Calendario da Parete Internazionale 2027 | Immagini Nature - Calendario mensile - Pianificazione e Organizzazione","B0GYNRKJQR","B0GYNRKJQR","finocam","calendari","Organizzazione dell'ufficio","213","0","100","0","73.44","0.00","8","0","9.18","0","3.8","0"
"APS Vassoio «Gastro», Vassoio Nero, Vassoio in Fibra di Vetro con Superficie Antiscivolo, Diametro 40,5 x Altezza 2 cm, Nero, 549, Diametro 40,5 cm, Altezza: 2 cm","B00N1G290O","B00N1G290O","APS","32809430","32809400","61","21","95.4","0","72.93","0.00","7","0","10.42","0","11.5","0"
"APS - Barattolo in Vetro","B07WLP1JLQ","B07WLP1JLQ","APS","Altro","32809400","7","13","100","0","72.68","0.00","4","0","18.17","0","57.1","0"
"Finocam Capri Agenda Settimanale 2027 | Nero","B0GYNWRFXH","B0GYNWRFXH","finocam","Diari per appuntamenti e agende","Archivio ufficio e accessori per scrivania","175","0","100","0","71.70","0.00","5","0","14.34","0","2.9","0"
"Finocam Mínimal Agenda Settimanale 18 Mesi 2026 2027 | Girl","B0GJT4J9FN","B0GJT4J9FN","finocam","Diari per appuntamenti e agende","Archivio ufficio e accessori per scrivania","311","0","100","0","71.04","0.00","6","0","11.84","0","1.9","0"
"Finocam Ikon Agenda 16 Mesi 2026 2027 | Bordeaux","B0GJT88P6D","B0GJT88P6D","finocam","Diari per appuntamenti e agende","Archivio ufficio e accessori per scrivania","213","0","100","0","70.70","0.00","7","0","10.10","0","3.3","0"
"APS Vassoio fast food, infrangibile e lavabile in lavastoviglie, prodotto in Germania, 41 x 12 cm, altezza 2 cm, grigio, 538, 41 x 12 cm, h: 2 cm","B004LOD8BO","B004LOD8BO","APS","32809430","32809400","101","317","100","0","69.73","54.92","5","7","13.95","0","5","2.2"
"APS Assheuer & Pott ass30057 misurino, 5 Litri","B004LOD3DW","B004LOD3DW","APS","32809430","32809400","30","48","100","0","69.48","83.86","4","4","17.37","0","13.3","8.3"
"finocam Taccuino Nexo Copertina Morbida Pagine Bianche Rosa, Taccuino A5 con Fogli Microforati, Tasca e Portapenna, 72 Fogli, Ideale per Scrivere e Disegnare","B0DV5SJB3Z","B0DV5SJB3Z","finocam","22903203","Archivio ufficio e accessori per scrivania","23","6","100","0","68.88","9.84","7","1","9.84","0","30.4","16.7"
"Finocam Espiral Agenda Settimanale 18 Mesi 2026 2027 | Daisy","B0GJT24P8W","B0GJT24P8W","finocam","Diari per appuntamenti e agende","Archivio ufficio e accessori per scrivania","544","0","100","0","68.26","0.00","7","0","9.75","0","1.3","0"
"APS Vassoio fast food, infrangibile e lavabile in lavastoviglie, prodotto in Germania, 45 x 35,5 cm, altezza 2 cm, grigio, 543, 45 x 35,5 cm, altezza: 2 cm","B005NYLIWW","B005NYLIWW","APS","32809430","32809400","72","47","97","0","66.68","34.76","5","2","13.34","0","6.9","4.3"
"Finocam - Rubrica telefonica a doppia spirale con chiusura a elastico | 48 fogli | Agenda A5 con rubrica telefonica rilegata a doppia spirale - colore Blu","B00CP48ZRY","B00CP48ZRY","finocam","Blocchi appunti, taccuini e diari","Archivio ufficio e accessori per scrivania","76","18","100","0","66.00","47.15","7","5","9.43","0","9.2","27.8"
"Finocam Calendario da Parete per Scrivere 2027 | Neutro - Lingua: Italiano - Calendario mensile - Pianificazione e Organizzazione","B0H38WZBXW","B0H38WZBXW","finocam","calendari","Organizzazione dell'ufficio","97","0","100","0","65.79","0.00","11","0","5.98","0","11.3","0"
"Finocam Haiku Planner mensile non datato | Layout Mensile | Azzurro · Internazionale - Planner","B0GJT1BW7Z","B0GJT1BW7Z","finocam","Organizer personali","Organizzazione dell'ufficio","153","0","99.3","0","65.59","0.00","10","0","6.56","0","6.5","0"
"Finocam Calendario Frigorifero da Parete con Calamita 2027 | Design - Lingua: Italiano - Calendario mensile - Pianificazione e Organizzazione","B0H394P8XQ","B0H394P8XQ","finocam","calendari","Organizzazione dell'ufficio","143","0","100","0","65.59","0.00","8","0","8.20","0","5.6","0"
"Finocam Calendario da Parete per Scrivere 2027 | Neutro - Lingua: Italiano - Calendario mensile - Pianificazione e Organizzazione","B0H396D411","B0H396D411","finocam","calendari","Organizzazione dell'ufficio","35","0","100","0","64.17","0.00","9","0","7.13","0","25.7","0"
"Finocam Calendario da Tavolo Internazionale 2027 | Immagini Charming - Calendario mensile - Pianificazione e Organizzazione","B0GYNL52LG","B0GYNL52LG","finocam","calendari","Organizzazione dell'ufficio","230","0","100","0","63.10","0.00","10","0","6.31","0","4.3","0"
"Finocam Dynamic Porto Design Agenda Giornaliera 2027 | Malva","B0GYNZ65Z9","B0GYNZ65Z9","finocam","Diari per appuntamenti e agende","Archivio ufficio e accessori per scrivania","208","0","100","0","61.96","0.00","7","0","8.85","0","3.4","0"
"Finocam Ikon Agenda 16 Mesi 2026 2027 | Nero","B0GJSS4V36","B0GJSS4V36","finocam","Diari per appuntamenti e agende","Archivio ufficio e accessori per scrivania","63","0","100","0","61.32","0.00","4","0","15.33","0","6.3","0"
"Finocam Ikon Agenda 16 Mesi 2026 2027 | Nero","B0GJT437XZ","B0GJT437XZ","finocam","Diari per appuntamenti e agende","Archivio ufficio e accessori per scrivania","24","0","100","0","61.32","0.00","2","0","30.66","0","8.3","0"
"APS Borraccia in Acciaio Inox Resistente di Alta qualità, Bottiglia d'Acqua da 500 ml con Maniglia per Il Trasporto e Guarnizione di sostituto/Bottiglia a Doppia Parete.","B09BZ58JB3","B09BZ58JB3","APS","Altro","32809400","75","8","100","0","60.55","0.00","5","0","12.11","0","6.7","0"
"APS Vassoio Fast Food, infrangibile e Lavabile in lavastoviglie, Prodotto in Germania, 53 x 32,5 cm, Altezza 2 cm (GN 1/1), Marrone, 554, 53 x 32,5 cm, Altezza: 2 cm","B06XPM4JDB","B06XPM4JDB","APS","32809430","32809400","52","6","100","0","59.44","0.00","4","0","14.86","0","7.7","0"
"APS Vaso portaoggetti Classico, Contenitore in Vetro di Alta qualità da 6,0 Litri, Mantiene i Tuoi Prodotti freschi Attraverso Il Coperchio in Vetro con Contenitore di Tenuta","B07W62N25F","B07W62N25F","APS","Altro","32809400","73","0","90.9","0","59.24","0.00","2","0","29.62","0","2.7","0"
"Finocam Mínimal Agenda Settimanale 18 Mesi 2026 2027 | Pretty","B0GJT8HNSX","B0GJT8HNSX","finocam","Diari per appuntamenti e agende","Archivio ufficio e accessori per scrivania","187","0","100","0","59.20","0.00","5","0","11.84","0","2.7","0"
"APS misurino Circa Diametro 15,5 cm, Altezza 21 cm ca. 2L, Polipropilene (PP) Maniglia Chiusa, Goffrato Mass skalierung","B004LO7E3C","B004LO7E3C","APS","32809430","32809400","18","117","90.3","0","58.92","177.75","4","24","14.73","0","22.2","20.5"
"Finocam - Rubrica telefonica a doppia spirale con chiusura a elastico | 48 fogli | Piccola agenda con rubrica telefonica rilegata a doppia spirale 10 x 15 cm - colore Blu","B00L9ZQ9ZK","B00L9ZQ9ZK","finocam","Blocchi appunti, taccuini e diari","Archivio ufficio e accessori per scrivania","105","53","96","0","57.40","8.20","7","1","8.20","0","6.7","1.9"
"APS Miscelatore con Coperchio - brocca dosatrice con Scala per liquidi (l/ml), Zucchero (g) e Farina (g) /Volume 1 litro/Diametro 12,5 cm/Altezza 16 cm/Lavabile in lavastoviglie...","B096Y2Y546","B096Y2Y546","APS","Altro","32809400","46","79","100","0","56.45","27.74","5","2","11.29","0","10.9","2.5"
"Finocam Mínimal Agenda Settimanale 18 Mesi 2026 2027 | Azzurro","B0GJSXGHPV","B0GJSXGHPV","finocam","Diari per appuntamenti e agende","Archivio ufficio e accessori per scrivania","93","0","100","0","55.72","0.00","4","0","13.93","0","4.3","0"
"Finocam Mínimal Agenda Settimanale 18 Mesi 2026 2027 | Girl","B0GJSY5V4L","B0GJSY5V4L","finocam","Diari per appuntamenti e agende","Archivio ufficio e accessori per scrivania","115","0","100","0","55.72","0.00","4","0","13.93","0","3.5","0"
"Finocam Espiral Agenda Giornaliera 18 Mesi 2026 2027 | Pretty","B0GJT3X9FM","B0GJT3X9FM","finocam","Diari per appuntamenti e agende","Archivio ufficio e accessori per scrivania","155","0","100","0","55.72","0.00","4","0","13.93","0","2.6","0"
"Finocam Mínimal Agenda Settimanale 18 Mesi 2026 2027 | Nero","B0GJT64GM9","B0GJT64GM9","finocam","Diari per appuntamenti e agende","Archivio ufficio e accessori per scrivania","99","0","100","0","55.72","0.00","4","0","13.93","0","4","0"
"Finocam - Portadocumenti A5 NOPAL - Blu Marino | Cartella con Cerniera - Tasca interna per tablet | Cartella per appunti | Portadocumenti BIOMATERIALE - BASE CACTUS","B0DV5QRH5G","B0DV5QRH5G","finocam","22903151","Archivio ufficio e accessori per scrivania","43","1","97.3","0","54.18","0.00","2","0","27.09","0","4.7","0"
"Finocam Jazz Libro delle Firme | Grigio","B0GJT6S2N2","B0GJT6S2N2","finocam","Organizer personali","Organizzazione dell'ufficio","15","0","89.2","0","53.30","0.00","2","0","26.65","0","13.3","0"
"Finocam Moda Agenda Settimanale 2027 | Quadretti","B0GYPBNBMT","B0GYPBNBMT","finocam","Diari per appuntamenti e agende","Archivio ufficio e accessori per scrivania","100","0","100","0","52.46","0.00","8","0","6.56","0","8","0"
"Finocam Ikon Agenda 16 Mesi 2026 2027 | Nero","B0GJSPSHJ7","B0GJSPSHJ7","finocam","Diari per appuntamenti e agende","Archivio ufficio e accessori per scrivania","358","0","100","0","50.50","0.00","5","0","10.10","0","1.4","0"
"Finocam Calendario da Tavolo Internazionale 2027 | Immagini Cats - Calendario mensile - Pianificazione e Organizzazione","B0GYNS9D5R","B0GYNS9D5R","finocam","calendari","Organizzazione dell'ufficio","100","0","100","0","50.48","0.00","8","0","6.31","0","8","0"
"Finocam Spirale You Agenda Giornaliera 2027 | Foglie","B0GYNZLN6F","B0GYNZLN6F","finocam","Diari per appuntamenti e agende","Archivio ufficio e accessori per scrivania","56","0","100","0","50.40","0.00","3","0","16.80","0","5.4","0"
"Finocam Calendario da Parete 2027 | Design - Lingua: Italiano - Calendario mensile - Pianificazione e Organizzazione","B0H39C6JB7","B0H39C6JB7","finocam","calendari","Organizzazione dell'ufficio","125","0","100","0","48.79","0.00","7","0","6.97","0","5.6","0"
"Finocam - Rubrica telefonica a doppia spirale con chiusura a elastico | 48 fogli | Agenda A5 con rubrica telefonica rilegata a doppia spirale - colore Nero","B00CP43UVA","B00CP43UVA","finocam","Blocchi appunti, taccuini e diari","Archivio ufficio e accessori per scrivania","75","85","100","0","47.15","66.01","5","7","9.43","0","6.7","8.2"
"Finocam - Rubrica alfabetica a doppia spirale con chiusura a elastico | 48 fogli | Piccola rubrica alfabetica a doppia spirale 10 x 15 cm - colore Nero","B07P5HWPVZ","B07P5HWPVZ","finocam","Blocchi appunti, taccuini e diari","Archivio ufficio e accessori per scrivania","86","88","100","0","46.23","49.20","5","6","9.25","0","5.8","6.8"
"Finocam Dynamic Mara Agenda Settimanale 2027 | Rosso","B0GYNX1N2Q","B0GYNX1N2Q","finocam","Diari per appuntamenti e agende","Archivio ufficio e accessori per scrivania","95","0","100","0","42.64","0.00","4","0","10.66","0","4.2","0"
"Finocam - Calendario da parete 2026 per scrivere Due Colonne Layout Mensile Gennaio - Dicembre 2026 12 mesi | Calendario 2026 per annotazioni | Planner mensile Neutro - Italiano, Muro Due Colonne","B0FG392CPV","B0FG392CPV","finocam","Diari per appuntamenti e agende","Archivio ufficio e accessori per scrivania","66","227","97.6","0","41.63","83.72","7","14","5.95","0","10.6","6.2"
"Finocam Capri Agenda Giornaliera 2027 | Nero","B0GYNW3GFK","B0GYNW3GFK","finocam","Diari per appuntamenti e agende","Archivio ufficio e accessori per scrivania","208","0","100","0","40.17","0.00","2","0","20.09","0","1","0"
"Finocam Capri Agenda Giornaliera 2027 | Happy","B0GYNT9ZBC","B0GYNT9ZBC","finocam","Diari per appuntamenti e agende","Archivio ufficio e accessori per scrivania","684","0","100","0","40.16","0.00","2","0","20.08","0","0.3","0"
"APS Vassoio fast food, infrangibile e lavabile in lavastoviglie, prodotto in Germania, 53 x 32,5 cm, altezza 2 cm (GN 1/1), rosso, 552, 53 x 32,5 cm, h: 2 cm","B06XPL88X5","B06XPL88X5","APS","32809430","32809400","13","5","73.5","0","39.40","0.00","2","0","19.70","0","15.4","0"
"Finocam - Rubrica alfabetica a doppia spirale con chiusura a elastico | 48 fogli | Piccola rubrica alfabetica a doppia spirale 10 x 15 cm - colore Magenta","B07P6G7LYZ","B07P6G7LYZ","finocam","Blocchi appunti, taccuini e diari","Archivio ufficio e accessori per scrivania","109","126","97.9","0","36.84","41.00","4","5","9.21","0","3.7","4"
"Finocam Mara Agenda Settimanale 18 Mesi 2026 2027 | Nero","B0GJT4P82S","B0GJT4P82S","finocam","Diari per appuntamenti e agende","Archivio ufficio e accessori per scrivania","47","0","85.9","0","36.60","0.00","3","0","12.20","0","6.4","0"
"Finocam Haiku Planner settimanale non datato | Layout Settimanale Verticale | Verde · Internazionale - Planner","B0GJT2SKB5","B0GJT2SKB5","finocam","Organizer personali","Organizzazione dell'ufficio","84","0","97.3","0","36.07","0.00","4","0","9.02","0","4.8","0"
"APS Vassoio fast food, infrangibile e lavabile in lavastoviglie, prodotto in Germania, 35 x 27 cm, altezza 2 cm, grigio","B004LOBCGC","B004LOBCGC","APS","32809430","32809400","149","88","90.8","0","35.79","0.00","3","0","11.93","0","2","0"
"Finocam Dynamic Porto Design Agenda Giornaliera 2027 | Camila","B0GYNVVN2S","B0GYNVVN2S","finocam","Diari per appuntamenti e agende","Archivio ufficio e accessori per scrivania","222","0","100","0","35.40","0.00","4","0","8.85","0","1.8","0"
"APS Vassoio fast food, infrangibile e lavabile in lavastoviglie, prodotto in Germania, 45 x 35,5 cm, altezza 2 cm, rosso, 540, 45 x 35,5 cm, altezza: 2 cm","B004LOD8E6","B004LOD8E6","APS","32809430","32809400","11","5","73.5","0","34.87","0.00","2","0","17.43","0","18.2","0"
"Finocam Moda Agenda Giornaliera 2027 | Rosa","B0GYNTS8JF","B0GYNTS8JF","finocam","Diari per appuntamenti e agende","Archivio ufficio e accessori per scrivania","31","0","100","0","34.44","0.00","4","0","8.61","0","12.9","0"
"Finocam Calendario da Tavolo Numeri Grandi 2027 | Neutro - Lingua: Italiano - Calendario mensile - Pianificazione e Organizzazione","B0H38YJG95","B0H38YJG95","finocam","calendari","Organizzazione dell'ufficio","60","0","100","0","33.88","0.00","7","0","4.84","0","11.7","0"
"Finocam Calendario da Tavolo Numeri Grandi 2027 | Neutro - Lingua: Italiano - Calendario mensile - Pianificazione e Organizzazione","B0H397QQKM","B0H397QQKM","finocam","calendari","Organizzazione dell'ufficio","21","0","100","0","32.13","0.00","7","0","4.59","0","33.3","0"
"Finocam Dynamic Berlino Agenda Settimanale 2027 | Grano","B0GYNWQ6MP","B0GYNWQ6MP","finocam","Diari per appuntamenti e agende","Archivio ufficio e accessori per scrivania","243","0","100","0","31.98","0.00","3","0","10.66","0","1.2","0"
"Finocam Calendario da Parete per Scrivere 2027 | Art Moniquilla - Lingua: Italiano - Calendario mensile - Pianificazione e Organizzazione","B0H395DT7T","B0H395DT7T","finocam","calendari","Organizzazione dell'ufficio","134","0","100","0","30.75","0.00","3","0","10.25","0","2.2","0"
"Finocam Event Libro delle Firme | Azzurro","B0GJSXBT2B","B0GJSXBT2B","finocam","Organizer personali","Organizzazione dell'ufficio","31","0","95.4","0","30.68","0.00","1","0","30.68","0","3.2","0"
"finocam Agenda Minimal 18 Mesi 2025 2026 Settimana Layout Orizzontale Luglio 2025 Dicembre 2026 (18 mesi) Pretty Internazionale","B0DV5RVY3Y","B0DV5RVY3Y","finocam","Diari per appuntamenti e agende","Archivio ufficio e accessori per scrivania","192","456","100","0","30.20","80.01","7","7","4.31","0","3.6","1.5"
"finocam Agenda Minimal 18 Mesi 2025 2026 Settimana Layout Orizzontale Luglio 2025 Dicembre 2026 (18 mesi) Pretty Internazionale","B0DV5SPF75","B0DV5SPF75","finocam","Diari per appuntamenti e agende","Archivio ufficio e accessori per scrivania","19","168","100","0","30.15","55.48","5","4","6.03","0","26.3","2.4"
"APS misurino Circa Diametro 9,5 cm, Altezza 14 cm ca. 0,5L, Polipropilene (PP) Maniglia Chiusa, Goffrato Mass skalierung","B004LOB8EI","B004LOB8EI","APS","32809430","32809400","27","50","100","0","29.73","62.94","2","6","14.87","0","7.4","12"
"finocam Taccuino Nexo Copertina Morbida Dotted Nero, Taccuino Piccolo con Fogli Microforati, Tasca e Portapenna, 72 Fogli, Ideale per Bullet Journal","B0DV5RRRB2","B0DV5RRRB2","finocam","22903203","Archivio ufficio e accessori per scrivania","92","34","100","0","29.52","7.38","4","1","7.38","0","4.3","2.9"
"finocam Taccuino Nexo Copertina Morbida Pagine Bianche Verde Scuro, Taccuino A5 con Fogli Microforati, Tasca e Portapenna, 72 Fogli, Ideale per Scrivere e Disegnare","B0DV5S8N2P","B0DV5S8N2P","finocam","22903203","Archivio ufficio e accessori per scrivania","5","1","100","0","28.81","0.00","3","0","9.60","0","60","0"
"Finocam - Rubrica alfabetica a doppia spirale con chiusura a elastico | 48 fogli | Piccola rubrica alfabetica a doppia spirale 10 x 15 cm - colore Blu","B01D025JGY","B01D025JGY","finocam","Blocchi appunti, taccuini e diari","Archivio ufficio e accessori per scrivania","96","30","100","0","28.65","16.40","3","2","9.55","0","3.1","6.7"
"Finocam Espiral Agenda Giornaliera 18 Mesi 2026 2027 | Daisy","B0GJT23N8Z","B0GJT23N8Z","finocam","Diari per appuntamenti e agende","Archivio ufficio e accessori per scrivania","135","0","100","0","27.86","0.00","2","0","13.93","0","1.5","0"
"Finocam Espiral Agenda Giornaliera 18 Mesi 2026 2027 | Nero","B0GJT2SJZK","B0GJT2SJZK","finocam","Diari per appuntamenti e agende","Archivio ufficio e accessori per scrivania","172","0","100","0","27.86","0.00","2","0","13.93","0","1.2","0"
"Finocam Calendario da Parete Internazionale 2027 | Immagini Traveling - Calendario mensile - Pianificazione e Organizzazione","B0GYNP9HR2","B0GYNP9HR2","finocam","calendari","Organizzazione dell'ufficio","68","0","100","0","27.54","0.00","3","0","9.18","0","4.4","0"
"APS Vassoio fast food, infrangibile e lavabile in lavastoviglie, prodotto in Germania, 35 x 27 cm, altezza 2 cm, rosso, 530, 35 x 27 cm, h: 2 cm","B004LOBCC6","B004LOBCC6","APS","32809430","32809400","20","10","100","0","27.36","0.00","3","0","9.12","0","15","0"
"Finocam Jazz Libro delle Firme | Crema","B0GJT12GDT","B0GJT12GDT","finocam","Organizer personali","Organizzazione dell'ufficio","43","0","100","0","26.65","0.00","1","0","26.65","0","2.3","0"
"Finocam Dynamic Porto Agenda Giornaliera 2027 | Nero","B0GYNKZ5FJ","B0GYNKZ5FJ","finocam","Diari per appuntamenti e agende","Archivio ufficio e accessori per scrivania","25","0","100","0","26.55","0.00","3","0","8.85","0","12","0"
"Finocam Moda Agenda Settimanale 2027 | Rosa","B0GYP3TJ5Y","B0GYP3TJ5Y","finocam","Diari per appuntamenti e agende","Archivio ufficio e accessori per scrivania","108","0","100","0","26.24","0.00","4","0","6.56","0","3.7","0"
"Finocam Calendario da Parete Internazionale 2027 | Immagini Nature - Calendario mensile - Pianificazione e Organizzazione","B0GYNX1QXF","B0GYNX1QXF","finocam","calendari","Organizzazione dell'ufficio","179","0","100","0","26.23","0.00","4","0","6.56","0","2.2","0"
"Finocam Calendario da Tavolo Internazionale 2027 | Immagini Nature - Calendario mensile - Pianificazione e Organizzazione","B0GYNWPBNX","B0GYNWPBNX","finocam","calendari","Organizzazione dell'ufficio","138","0","100","0","25.24","0.00","4","0","6.31","0","2.9","0"
"Finocam Optimal Agenda Giornaliera 2027 | Azzurro","B0GYP425XN","B0GYP425XN","finocam","Diari per appuntamenti e agende","Archivio ufficio e accessori per scrivania","28","0","100","0","25.00","0.00","1","0","25.00","0","3.6","0"
"Finocam - Rubrica telefonica a doppia spirale con chiusura a elastico | 48 fogli | Piccola agenda con rubrica telefonica a doppia spirale 10 x 15 cm - colore Magenta","B00L9ZQ978","B00L9ZQ978","finocam","Blocchi appunti, taccuini e diari","Archivio ufficio e accessori per scrivania","40","4","100","0","24.50","0.00","2","0","12.25","0","5","0"
"Finocam Mínimal Agenda Settimanale 18 Mesi 2026 2027 | Azzurro","B0GJT25LQ1","B0GJT25LQ1","finocam","Diari per appuntamenti e agende","Archivio ufficio e accessori per scrivania","358","0","99","0","23.68","0.00","2","0","11.84","0","0.6","0"
"Finocam - Agenda 2026 Settimana Layout Verticale | Gennaio - Dicembre 12 mesi | Agenda A5 con elastico e nastro in tessuto | Copertina Morbida Capri - Happy - Internazionale, Settimanale Verticale","B0F9LFFG99","B0F9LFFG99","finocam","Diari per appuntamenti e agende","Archivio ufficio e accessori per scrivania","103","556","94","0","23.56","117.51","3","9","7.85","0","2.9","1.6"
"APS Vassoio Fast Food, infrangibile e Lavabile in lavastoviglie, Prodotto in Germania, 35 x 27 cm, Altezza 2 cm, Nero, 531, 35 x 27 cm, h: 2 cm","B004LOD80U","B004LOD80U","APS","32809430","32809400","140","270","100","0","22.67","33.74","2","4","11.34","0","1.4","1.5"
"Finocam Spirale Alma Agenda Settimanale 2027 | Rosa","B0GYNRR2RR","B0GYNRR2RR","finocam","Diari per appuntamenti e agende","Archivio ufficio e accessori per scrivania","120","0","100","0","21.97","0.00","2","0","10.98","0","1.7","0"
"APS Vassoio da portata ""Gastro"", nero in vetroresina con superficie antiscivolo, Ø 35,5 x altezza 2 cm, nero","B00N1G27QA","B00N1G27QA","APS","32809430","32809400","5","2","58.5","0","21.76","0.00","1","0","21.76","0","20","0"
"APS Vassoio fast food, infrangibile e lavabile in lavastoviglie, prodotto in Germania, 41 x 12 cm, altezza 2 cm, nero, 536, 41 x 12 cm, h: 2 cm","B004LOBCJO","B004LOBCJO","APS","32809430","32809400","25","70","70.7","0","21.74","38.10","2","3","10.87","0","8","4.3"
"Finocam Dynamic Mara Agenda Settimanale 2027 | Nero","B0GYNL1S92","B0GYNL1S92","finocam","Diari per appuntamenti e agende","Archivio ufficio e accessori per scrivania","110","0","100","0","21.32","0.00","2","0","10.66","0","1.8","0"
"Finocam Dynamic Mara Agenda Settimanale 2027 | Verde","B0GYNRKJZ3","B0GYNRKJZ3","finocam","Diari per appuntamenti e agende","Archivio ufficio e accessori per scrivania","102","0","100","0","21.31","0.00","2","0","10.65","0","2","0"
"Finocam Calendario da Parete per Scrivere 2027 | Art Frasi motivazionali - Lingua: Italiano - Calendario mensile - Pianificazione e Organizzazione","B0H3946RR6","B0H3946RR6","finocam","calendari","Organizzazione dell'ufficio","39","0","100","0","20.50","0.00","2","0","10.25","0","5.1","0"
"Finocam Dynamic Porto Agenda Settimanale 2027 | Azzurro","B0GYNWBR7B","B0GYNWBR7B","finocam","Diari per appuntamenti e agende","Archivio ufficio e accessori per scrivania","124","0","100","0","20.16","0.00","3","0","6.72","0","2.4","0"
"Finocam Calendario da Parete Internazionale 2027 | Immagini Venice - Calendario mensile - Pianificazione e Organizzazione","B0GYNZFKQ9","B0GYNZFKQ9","finocam","calendari","Organizzazione dell'ufficio","33","0","100","0","19.68","0.00","3","0","6.56","0","9.1","0"
"Finocam Espiral Agenda Settimanale 18 Mesi 2026 2027 | Nero","B0GJSWFNVF","B0GJSWFNVF","finocam","Diari per appuntamenti e agende","Archivio ufficio e accessori per scrivania","137","0","100","0","19.50","0.00","2","0","9.75","0","1.5","0"
"Finocam Calendario da Tavolo Internazionale 2027 | Immagini Traveling - Calendario mensile - Pianificazione e Organizzazione","B0GYNZ4RW6","B0GYNZ4RW6","finocam","calendari","Organizzazione dell'ufficio","160","0","100","0","18.94","0.00","3","0","6.31","0","1.9","0"
"Finocam Ikon Agenda 16 Mesi 2026 2027 | Nero","B0GJT2R199","B0GJT2R199","finocam","Diari per appuntamenti e agende","Archivio ufficio e accessori per scrivania","163","0","100","0","18.81","0.00","1","0","18.81","0","0.6","0"
"Finocam Calendario da Parete Internazionale 2027 | Immagini Charming - Calendario mensile - Pianificazione e Organizzazione","B0GYNTYRKM","B0GYNTYRKM","finocam","calendari","Organizzazione dell'ufficio","68","0","100","0","18.36","0.00","2","0","9.18","0","2.9","0"
"Zuccheriera APS, zuccheriera con coperchio avvolgibile, in acciaio inox, 14 x 14 cm, altezza 14 cm","B000VJ6G0S","B000VJ6G0S","APS","32809430","32809400","15","6","88","0","18.14","0.00","1","0","18.14","0","6.7","0"
"Finocam Haiku Planner settimanale non datato | Layout Settimanale Verticale | Azzurro · Internazionale - Planner","B0GJSXHGWN","B0GJSXHGWN","finocam","Organizer personali","Organizzazione dell'ufficio","77","0","100","0","18.04","0.00","2","0","9.02","0","2.6","0"
"Finocam Haiku Planner settimanale non datato | Layout Settimanale Verticale | Nero · Internazionale - Planner","B0GJT13SGR","B0GJT13SGR","finocam","Organizer personali","Organizzazione dell'ufficio","45","0","97.3","0","18.04","0.00","2","0","9.02","0","4.4","0"
"Finocam Moniquilla Quaderno Copertina Rigida | Pagina bianca | Rosso","B0GJT6GJTW","B0GJT6GJTW","finocam","Blocchi appunti, taccuini e diari","Archivio ufficio e accessori per scrivania","58","0","100","0","18.04","0.00","2","0","9.02","0","3.4","0"
"Finocam Capri Agenda Settimanale 2027 | Happy","B0GYNX5HH5","B0GYNX5HH5","finocam","Diari per appuntamenti e agende","Archivio ufficio e accessori per scrivania","58","0","100","0","18.03","0.00","1","0","18.03","0","1.7","0"
"Finocam Optimal Agenda Settimanale 2027 | Grigio","B0GYP2DXDM","B0GYP2DXDM","finocam","Diari per appuntamenti e agende","Archivio ufficio e accessori per scrivania","37","0","100","0","18.03","0.00","1","0","18.03","0","2.7","0"
"Finocam Moda Agenda Giornaliera 2027 | Spiga","B0GYP5J9FQ","B0GYP5J9FQ","finocam","Diari per appuntamenti e agende","Archivio ufficio e accessori per scrivania","20","0","100","0","17.21","0.00","2","0","8.61","0","10","0"
"Finocam Spirale You Agenda Giornaliera 2027 | Cotton","B0GYP2Q9H4","B0GYP2Q9H4","finocam","Diari per appuntamenti e agende","Archivio ufficio e accessori per scrivania","49","0","100","0","16.80","0.00","1","0","16.80","0","2","0"
"Finocam Spirale Alma Agenda Giornaliera 2027 | Verde","B0GYP3XT8X","B0GYP3XT8X","finocam","Diari per appuntamenti e agende","Archivio ufficio e accessori per scrivania","22","0","100","0","16.80","0.00","1","0","16.80","0","4.5","0"
"Finocam - Agenda 2026 1 Giorno per Pagina | Gennaio - Dicembre 12 mesi | Agenda A5 con elastico e nastro in tessuto | Copertina Morbida Capri - Nero - Internazionale","B0F9LG81FB","B0F9LG81FB","finocam","Diari per appuntamenti e agende","Archivio ufficio e accessori per scrivania","9","80","100","0","16.72","18.07","1","1","16.72","0","11.1","1.3"
"Finocam - Calendario da tavolo 2026 Layout mensile Gennaio - Dicembre 2026 + Sett. - Dic. 2025 (4 mesi) ridotto | Calendario 2026 | Immagini Charming - Internazionale","B0F9LCV2PN","B0F9LCV2PN","finocam","Calendari e articoli da scrivania","Archivio ufficio e accessori per scrivania","28","0","100","0","16.54","0.00","2","0","8.27","0","7.1","0"
"Finocam Haiku Planner mensile non datato | Layout Mensile | Verde · Internazionale - Planner","B0GJSPQWGQ","B0GJSPQWGQ","finocam","Organizer personali","Organizzazione dell'ufficio","56","0","92.5","0","16.39","0.00","4","0","4.10","0","7.1","0"
"finocam Taccuino Nexo Copertina Morbida Dotted Blu Marino, Taccuino Piccolo con Fogli Microforati, Tasca e Portapenna, 72 Fogli, Ideale per Bullet Journal","B0DV5SJ6GB","B0DV5SJ6GB","finocam","22903203","Archivio ufficio e accessori per scrivania","14","4","100","0","14.76","0.00","2","0","7.38","0","14.3","0"
"finocam Taccuino Nexo Copertina Morbida Pagine Bianche Nero, Taccuino Piccolo con Fogli Microforati, Tasca e Portapenna, 72 Fogli, Ideale per Scrivere e Disegnare","B0DV5SMZS8","B0DV5SMZS8","finocam","22903203","Archivio ufficio e accessori per scrivania","21","44","100","0","14.76","-7.38","2","-1","7.38","0","9.5","-2.3"
"Finocam - Calendario da parete 2026 Layout Mensile Gennaio - Dicembre 2026 12 mesi | Calendario 2026 per annotazioni | Planner mensile Design - Italiano, Muro scrivere, 30x30-300x300 mm","B0FG3D5DJS","B0FG3D5DJS","finocam","Diari per appuntamenti e agende","Archivio ufficio e accessori per scrivania","34","193","100","0","13.94","34.85","2","5","6.97","0","5.9","2.6"
"Finocam - Agenda Mara 18 Mesi 2025 2026 Settimana Layout Verticale Luglio 2025 - Dicembre 2026 (18 mesi) Girl Internazionale","B0DV5SF8F5","B0DV5SF8F5","finocam","Diari per appuntamenti e agende","Archivio ufficio e accessori per scrivania","41","699","100","0","13.93","262.26","1","23","13.93","0","2.4","3.3"
"Finocam Mínimal Agenda Settimanale 18 Mesi 2026 2027 | Pretty","B0GJT6TSSN","B0GJT6TSSN","finocam","Diari per appuntamenti e agende","Archivio ufficio e accessori per scrivania","92","0","100","0","13.93","0.00","1","0","13.93","0","1.1","0"
"Finocam Dynamic Porto Design Agenda Settimanale 2027 | Malva","B0GYNNWK6J","B0GYNNWK6J","finocam","Diari per appuntamenti e agende","Archivio ufficio e accessori per scrivania","478","0","100","0","13.44","0.00","2","0","6.72","0","0.4","0"
"Finocam Dynamic Porto Agenda Settimanale 2027 | Rosso","B0GYNY2LSJ","B0GYNY2LSJ","finocam","Diari per appuntamenti e agende","Archivio ufficio e accessori per scrivania","206","0","100","0","13.44","0.00","2","0","6.72","0","1","0"
"Finocam Dynamic Porto Agenda Settimanale 2027 | Nero","B0GYP571CD","B0GYP571CD","finocam","Diari per appuntamenti e agende","Archivio ufficio e accessori per scrivania","89","0","100","0","13.44","0.00","2","0","6.72","0","2.2","0"
"Finocam Haiku Planner mensile non datato | Layout Mensile | Verde · Internazionale - Planner","B0GJT1DK7K","B0GJT1DK7K","finocam","Organizer personali","Organizzazione dell'ufficio","43","0","100","0","13.12","0.00","2","0","6.56","0","4.7","0"
"Finocam Calendario da Parete Internazionale 2027 | Immagini Cats - Calendario mensile - Pianificazione e Organizzazione","B0GYP2V31W","B0GYP2V31W","finocam","calendari","Organizzazione dell'ufficio","37","0","100","0","13.12","0.00","2","0","6.56","0","5.4","0"
"Finocam Haiku Planner mensile non datato | Layout Mensile | Nero · Internazionale - Planner","B0GJSWVPBM","B0GJSWVPBM","finocam","Organizer personali","Organizzazione dell'ufficio","34","0","100","0","13.11","0.00","2","0","6.55","0","5.9","0"
"finocam Taccuino Nexo Copertina Morbida Dotted Blu Marino, Taccuino Grande con Fogli Microforati, Tasca e Portapenna, 72 Fogli, Ideale per Bullet Journal","B0DV5SN944","B0DV5SN944","finocam","22903203","Archivio ufficio e accessori per scrivania","5","2","100","0","12.74","0.00","1","0","12.74","0","20","0"
"Finocam - Agenda Planner Layout Mensile 2026 Layout Mensile Gennaio 2026 - Dicembre 2026 12 mesi Grigio Internazionale, Medio - Y11-165x240 mm","B0F9LBV1D3","B0F9LBV1D3","finocam","Diari per appuntamenti e agende","Archivio ufficio e accessori per scrivania","88","521","96.8","0","11.48","126.28","2","22","5.74","0","2.3","4.2"
"Finocam Spirale Alma Agenda Settimanale 2027 | Nero","B0GYP49B7N","B0GYP49B7N","finocam","Diari per appuntamenti e agende","Archivio ufficio e accessori per scrivania","41","0","100","0","10.98","0.00","1","0","10.98","0","2.4","0"
"Finocam Spirale Alma Agenda Settimanale 2027 | Azzurro","B0GYP5XHNX","B0GYP5XHNX","finocam","Diari per appuntamenti e agende","Archivio ufficio e accessori per scrivania","111","0","100","0","10.98","0.00","1","0","10.98","0","0.9","0"
"Finocam Dynamic Mara Agenda Settimanale 2027 | Azzurro","B0GYNR4B7R","B0GYNR4B7R","finocam","Diari per appuntamenti e agende","Archivio ufficio e accessori per scrivania","33","0","100","0","10.66","0.00","1","0","10.66","0","3","0"
"Finocam Dynamic Berlino Agenda Settimanale 2027 | Cotton","B0GYNXR61R","B0GYNXR61R","finocam","Diari per appuntamenti e agende","Archivio ufficio e accessori per scrivania","283","0","100","0","10.66","0.00","1","0","10.66","0","0.4","0"
"Finocam Calendario da Parete per Scrivere 2027 | Art Sarah Meyer-Delius - Lingua: Italiano - Calendario mensile - Pianificazione e Organizzazione","B0H39593N7","B0H39593N7","finocam","calendari","Organizzazione dell'ufficio","33","0","100","0","10.25","0.00","1","0","10.25","0","3","0"
"finocam Taccuino Nexo Copertina Morbida Pagine Bianche Turchese, Taccuino A5 con Fogli Microforati, Tasca e Portapenna, 72 Fogli, Ideale per Scrivere e Disegnare","B0DV5S5VVP","B0DV5S5VVP","finocam","22903203","Archivio ufficio e accessori per scrivania","3","4","100","0","9.84","0.00","1","0","9.84","0","33.3","0"
"finocam Taccuino Nexo Copertina Morbida Righe Orizzontali Camel, Taccuino A5 con Fogli Microforati, Tasca e Portapenna, 72 Fogli, Ideale per Annotare e Scrivere","B0DV5S8FGS","B0DV5S8FGS","finocam","22903203","Archivio ufficio e accessori per scrivania","4","3","100","0","9.84","0.00","1","0","9.84","0","25","0"
"finocam Taccuino Nexo Copertina Morbida Righe Orizzontali Turchese, Taccuino A5 con Fogli Microforati, Tasca e Portapenna, 72 Fogli, Ideale per Scrivere","B0DV5SM5DS","B0DV5SM5DS","finocam","22903203","Archivio ufficio e accessori per scrivania","4","3","100","0","9.84","0.00","1","0","9.84","0","25","0"
"finocam Taccuino Nexo Copertina Morbida Righe Orizzontali Rosso, Taccuino A5 con Fogli Microforati, Tasca e Portapenna, 72 Fogli, Ideale per Annotare e Scrivere","B0DV5ZKR93","B0DV5ZKR93","finocam","22903203","Archivio ufficio e accessori per scrivania","9","1","100","0","9.84","0.00","1","0","9.84","0","11.1","0"
"Finocam - Agenda Spirale 2026 1 Giorno per Pagina | Gennaio - Dicembre 12 mesi | Agenda Annuale 2026 | Copertura in polipropilene Spirale Design Collection - Goldy - Italiano, Giornaliera","B0FG39LB7S","B0FG39LB7S","finocam","Diari per appuntamenti e agende","Archivio ufficio e accessori per scrivania","38","112","100","0","9.83","95.64","1","6","9.83","0","2.6","5.4"
"finocam Taccuino Nexo Copertina Morbida Pagine Bianche Blu Marino, Taccuino A5 con Fogli Microforati, Tasca e Portapenna, 72 Fogli, Ideale per Scrivere e Disegnare","B0DV68CNCV","B0DV68CNCV","finocam","22903203","Archivio ufficio e accessori per scrivania","74","5","100","0","9.76","0.00","1","0","9.76","0","1.4","0"
"finocam Taccuino Nexo Copertina Morbida Pagine Bianche Nero, Taccuino A5 con Fogli Microforati, Tasca e Portapenna, 72 Fogli, Ideale per Scrivere e Disegnare","B0DV5S2BDS","B0DV5S2BDS","finocam","22903203","Archivio ufficio e accessori per scrivania","19","14","100","0","9.35","19.68","1","2","9.35","0","5.3","14.3"
"Finocam Calendario da Parete Internazionale 2027 | Immagini Cats - Calendario mensile - Pianificazione e Organizzazione","B0GYNW9YT9","B0GYNW9YT9","finocam","calendari","Organizzazione dell'ufficio","21","0","100","0","9.18","0.00","1","0","9.18","0","4.8","0"
"Finocam - Agenda Spirale 2026 Settimana Layout Orizzontale|Gennaio - Dicembre 12 mesi | Agenda Annuale 2026 con elastico | Copertura in polipropilene Spirale Opaca - Blu - Italiano","B0FG3CJW8M","B0FG3CJW8M","finocam","Diari per appuntamenti e agende","Archivio ufficio e accessori per scrivania","17","54","100","0","8.66","59.04","1","6","8.66","0","5.9","11.1"
"Finocam Moda Agenda Giornaliera 2027 | Nero","B0GYNZPR6P","B0GYNZPR6P","finocam","Diari per appuntamenti e agende","Archivio ufficio e accessori per scrivania","10","0","100","0","8.61","0.00","1","0","8.61","0","10","0"
"Finocam - Agenda 2026 1 Giorno per Pagina | Gennaio - Dicembre 12 mesi | Agenda A5 con elastico e nastro in tessuto | Copertina Morbida Capri - Happy - Internazionale","B0F9LFF9WD","B0F9LFF9WD","finocam","Diari per appuntamenti e agende","Archivio ufficio e accessori per scrivania","37","199","100","0","8.60","53.37","1","3","8.60","0","2.7","1.5"
"Finocam - Calendario con calamita 2026 Layout Mensile Gennaio - Dicembre 2026 12 mesi | Calendario 2026 per annotazioni | Planner mensile Design Bloc - Italiano, Magnetica Frigorifero, 250x200 mm","B0FG387VPT","B0FG387VPT","finocam","Diari per appuntamenti e agende","Archivio ufficio e accessori per scrivania","57","236","100","0","8.20","65.60","1","8","8.20","0","1.8","3.4"
"Finocam Haiku Planner mensile non datato | Layout Mensile | Nero · Internazionale - Planner","B0GJSTMQJV","B0GJSTMQJV","finocam","Organizer personali","Organizzazione dell'ufficio","74","0","96.6","0","8.20","0.00","2","0","4.10","0","2.7","0"
"finocam - Quaderno Design Liscio Mountain","B0D3F6WRR9","B0D3F6WRR9","finocam","Blocchi appunti, taccuini e diari","Archivio ufficio e accessori per scrivania","7","0","100","0","8.11","0.00","1","0","8.11","0","14.3","0"
"finocam Taccuino Nexo Copertina Morbida Dotted Rosa, Taccuino Piccolo con Fogli Microforati, Tasca e Portapenna, 72 Fogli, Ideale per Bullet Journal","B0DV642N1Q","B0DV642N1Q","finocam","22903203","Archivio ufficio e accessori per scrivania","5","0","100","0","7.38","0.00","1","0","7.38","0","20","0"
"Finocam Moda Agenda Settimanale 2027 | Azzurro","B0GYNRZ13W","B0GYNRZ13W","finocam","Diari per appuntamenti e agende","Archivio ufficio e accessori per scrivania","30","0","100","0","6.56","0.00","1","0","6.56","0","3.3","0"
"Finocam Calendario da Parete Internazionale 2027 | Immagini Charming - Calendario mensile - Pianificazione e Organizzazione","B0GYNTQ64T","B0GYNTQ64T","finocam","calendari","Organizzazione dell'ufficio","37","0","100","0","6.56","0.00","1","0","6.56","0","2.7","0"
"finocam Agenda Minimal 18 Mesi 2025 2026 Settimana Layout Orizzontale Luglio 2025 Dicembre 2026 (18 mesi) Nero Internazionale","B0DV5SG4SD","B0DV5SG4SD","finocam","Diari per appuntamenti e agende","Archivio ufficio e accessori per scrivania","32","174","100","0","6.55","22.30","1","2","6.55","0","3.1","1.1"
"finocam Agenda Minimal 18 Mesi 2025 2026 Settimana Layout Orizzontale Luglio 2025 Dicembre 2026 (18 mesi) Rosso Internazionale","B0DV5SF6QP","B0DV5SF6QP","finocam","Diari per appuntamenti e agende","Archivio ufficio e accessori per scrivania","5","80","100","0","6.45","26.14","1","2","6.45","0","20","2.5"
"Finocam Calendario da Tavolo Internazionale 2027 | Immagini Venice - Calendario mensile - Pianificazione e Organizzazione","B0GYNV8ZQM","B0GYNV8ZQM","finocam","calendari","Organizzazione dell'ufficio","74","0","100","0","6.31","0.00","1","0","6.31","0","1.4","0"
"Finocam - Agenda Mara 18 Mesi 2025 2026 1 Giorno per Pagina Luglio 2025 - Dicembre 2026 (18 mesi) Girl Internazionale","B0DV5RTJMB","B0DV5RTJMB","finocam","Diari per appuntamenti e agende","Archivio ufficio e accessori per scrivania","208","812","100","0","5.92","241.70","1","16","5.92","0","0.5","2"
"finocam Agenda Minimal 18 Mesi 2025 2026 Settimana Layout Orizzontale Luglio 2025 Dicembre 2026 (18 mesi) Girl Internazionale","B0DV5S5HYM","B0DV5S5HYM","finocam","Diari per appuntamenti e agende","Archivio ufficio e accessori per scrivania","18","912","100","0","5.78","194.31","1","17","5.78","0","5.6","1.9"
"Finocam Calendario da Parete per Scrivere 2027 | Neutro - Lingua: Italiano - Calendario mensile - Pianificazione e Organizzazione","B0H397G2GC","B0H397G2GC","finocam","calendari","Organizzazione dell'ufficio","10","0","100","0","5.74","0.00","1","0","5.74","0","10","0"
"finocam Agenda Spirale 18 Mesi 2025 2026 Settimana Layout Orizzontale Luglio 2025 Dicembre 2026 (18 mesi) Rosso Internazionale","B0DV5S2ZTW","B0DV5S2ZTW","finocam","Diari per appuntamenti e agende","Archivio ufficio e accessori per scrivania","38","190","100","0","5.57","46.10","1","5","5.57","0","2.6","2.6"
"finocam Agenda Minimal 18 Mesi 2025 2026 Settimana Layout Orizzontale Luglio 2025 Dicembre 2026 (18 mesi) Nero Internazionale","B0DV5RRY4Q","B0DV5RRY4Q","finocam","Diari per appuntamenti e agende","Archivio ufficio e accessori per scrivania","10","146","100","0","4.69","39.21","1","3","4.69","0","10","2.1"
"APS Vassoio fast food, infrangibile e lavabile in lavastoviglie, prodotto in Germania, 41 x 12 cm, altezza 2 cm, rosso, 535, 41 x 12 cm, h: 2 cm","B004JHX138","B004JHX138","APS","32809430","32809400","15","9","100","0","0.00","0.00","0","0","0.00","0","0","0"
"APS Vassoio fast food, infrangibile e lavabile in lavastoviglie, prodotto in Germania, 45 x 35,5 cm, altezza 2 cm, marrone, 542, 45 x 35,5 cm, altezza: 2 cm","B004JI61HA","B004JI61HA","APS","32809430","32809400","14","6","100","0","0.00","0.00","0","0","0.00","0","0","0"
"APS Assheuer & Pott ass30049 misurino, 3 Litri","B004LO7E4G","B004LO7E4G","APS","32809430","32809400","8","18","100","0","0.00","0.00","0","0","0.00","0","0","0"
"APS Lattiera, set da 4, caraffe piccole per caffè panna/latte, caraffa per crema, capacità 25 ml ciascuna, acciaio inossidabile Articolo: Ø 3,5 cm, H: 3,5 cm","B004LO9D0E","B004LO9D0E","APS","32809430","32809400","7","4","100","0","0.00","0.00","0","0","0.00","0","0","0"
"APS Vassoio fast food, infrangibile e lavabile in lavastoviglie, prodotto in Germania, 41 x 12 cm, altezza 2 cm, marrone, 537, 41 x 12 cm, h: 2 cm","B004LOD8AA","B004LOD8AA","APS","32809430","32809400","6","4","100","0","0.00","0.00","0","0","0.00","0","0","0"
"APS Vassoio fast food, infrangibile e lavabile in lavastoviglie, prodotto in Germania, 45 x 35,5 cm, altezza 2 cm, nero","B004LOD8FU","B004LOD8FU","APS","32809430","32809400","15","27","100","0","0.00","0.00","0","0","0.00","0","0","0"
"APS Vassoio fast food, infrangibile e lavabile in lavastoviglie, prodotto in Germania, 35 x 27 cm, altezza 2 cm, marrone","B004LOEBCE","B004LOEBCE","APS","32809430","32809400","4","14","100","0","0.00","0.00","0","0","0.00","0","0","0"
"Aps SERVIER/Trasporto Macchina Circa 108 x 50 cm, Altezza 96 cm in Polipropilene, Colore Grigio Alluminio, 3 Ripiani","B005NYMXPI","B005NYMXPI","APS","32809430","32809400","2","31","0","0","0.00","0.00","0","0","0.00","0","0","0"
"Finocam - Rubrica telefonica a doppia spirale con chiusura a elastico | 48 fogli | Piccola agenda con rubrica telefonica a doppia spirale 10 x 15 cm - colore Nero","B00JMEII1I","B00JMEII1I","finocam","Blocchi appunti, taccuini e diari","Archivio ufficio e accessori per scrivania","24","17","100","0","0.00","0.00","0","0","0.00","0","0","0"
"APS Vassoio «Gastro», Vassoio Nero, Vassoio in Fibra di Vetro con Superficie Antiscivolo, Diametro 27,5 x Altezza 2 cm, Nero, 547, Diametro 27,5 cm, Altezza: 2 cm","B00N1G26IY","B00N1G26IY","APS","32809430","32809400","39","25","100","0","0.00","0.00","0","0","0.00","0","0","0"
"APS Caraffa sottovuoto classica, 2 litri, caffettiera con tappo a vite, diametro 14 cm, altezza 19 cm,","B06XPKCGF5","B06XPKCGF5","APS","32809430","32809400","1","0","100","0","0.00","0.00","0","0","0.00","0","0","0"
"APS – Thermos in acciaio inox e polipropilene – Classic, Ø 14 cm, altezza: 19 cm, 1 litri","B06XPKRZFR","B06XPKRZFR","APS","Altro","32809400","3","1","100","0","0.00","0.00","0","0","0.00","0","0","0"
"Aps Bar di Cucchiaio, Look in Acciaio Inox, Rame, Lunghezza 27 cm","B06XPKWLMF","B06XPKWLMF","APS","32809430","32809400","1","4","100","0","0.00","0.00","0","0","0.00","0","0","0"
"APS Caraffa Classica da 1,5 Litri con Tappo a Vite Diametro 14 cm, Altezza 19 cm, Doppia Parete in Acciaio Inox, per Bevande Calde e Fredde, Non Lavabile in lavastoviglie, ca. 12 Tazze","B06XPKX7LB","B06XPKX7LB","APS","Altro","32809400","2","0","100","0","0.00","0.00","0","0","0.00","0","0","0"
"APS Caraffa Termica con pompa – Budget-in acciaio inox e polipropilene, Ø 13,5 cm, altezza: 32,5 cm","B06XPKX7LG","B06XPKX7LG","APS","32809430","32809400","9","93","73","0","0.00","138.61","0","5","0.00","0","0","5.4"
"Finocam - Libro delle Firme DinA4 Event Beige","B07P8Q6PXD","B07P8Q6PXD","finocam","Blocchi appunti, taccuini e diari","Archivio ufficio e accessori per scrivania","0","19","0","0","0.00","0.00","0","0","0.00","0","0","0"
"Finocam Set di blocchetti adesivi Talkual - Organizzazione Personale","B07TCPX2PP","B07TCPX2PP","finocam","Organizer personali","Organizzazione dell'ufficio","12","0","100","0","0.00","0.00","0","0","0.00","0","0","0"
"APS - Barattolo in Vetro","B07W738F8G","B07W738F8G","APS","Altro","32809400","2","9","100","0","0.00","16.70","0","1","0.00","0","0","11.1"
"APS - Barattolo in Vetro","B07W99TKXC","B07W99TKXC","APS","Altro","32809400","1","12","100","0","0.00","0.00","0","0","0.00","0","0","0"
"Finocam - Portadocumenti A4 FOCUS - Nero | Poliuretano di alta qualità | Cartella con Cerniera - Portapenna e tasca interna per tablet | Dotato di blocco note","B085QVMWJW","B085QVMWJW","finocam","Organizer personali","Organizzazione dell'ufficio","13","0","100","0","0.00","0.00","0","0","0.00","0","0","0"
"Finocam-Agenda 2021 Giornaliera Duoband Blu Internazionale","B08LQRPN3R","B08LQRPN3R","finocam","calendari","Organizzazione dell'ufficio","0","0","0","0","0.00","0.00","0","0","0.00","0","0","0"
"Finocam - Agenda Mara 18 Mesi 2021 2022 Y10-140x204 mm Settimanale Verticale Nero Multilingue","B08VGN7XZL","B08VGN7XZL","finocam","calendari","Organizzazione dell'ufficio","0","0","0","0","0.00","0.00","0","0","0.00","0","0","0"
"finocam Agenda 2022 Giornaliera, da Gennaio 2022 a Dicembre 2022 (12 mesi) E10-155x212 mm Spirale Design Collection Selva Italiano, Motivo Giungla","B096XTBJ38","B096XTBJ38","finocam","calendari","Organizzazione dell'ufficio","0","0","0","0","0.00","0.00","0","0","0.00","0","0","0"
"finocam - Agenda 2022 Giornaliera, da Gennaio 2022 a Dicembre 2022 (12 mesi) E10-155x212 mm Spirale Year Nero Italiano","B096XVBXCZ","B096XVBXCZ","finocam","calendari","Organizzazione dell'ufficio","0","1","0","0","0.00","0.00","0","0","0.00","0","0","0"
"finocam - Agenda 2022 Settimanale orizzontale, da Gennaio 2022 a Dicembre 2022 (12 mesi) E10-155x212 mm Spirale Design Collection Goldy Italiano","B096XVYK1D","B096XVYK1D","finocam","calendari","Organizzazione dell'ufficio","0","0","0","0","0.00","0.00","0","0","0.00","0","0","0"
"APS Portapranzo in Acciaio Inox Resistente di Alta qualità da 800 ml con divisore/Contenitore per Alimenti a Prova di perdite, Scatola bento per Bambini, Tempo Libero e Adulti, Piccolo portapranzo","B09BRB9PV8","B09BRB9PV8","APS","Altro","32809400","5","3","100","0","0.00","0.00","0","0","0.00","0","0","0"
"APS Borraccia in Acciaio Inox Resistente di Alta qualità, Bottiglia d'Acqua da 750 ml con Maniglia per Il Trasporto e Guarnizione di Ricambio.","B09BZ68NXD","B09BZ68NXD","APS","Altro","32809400","4","1","100","0","0.00","0.00","0","0","0.00","0","0","0"
"APS Etagère/scaffale da Portata a 2 Ripiani con cestelli e Tavole da Portata","B09S6NGQ3T","B09S6NGQ3T","APS","32809430","32809400","2","4","100","0","0.00","0.00","0","0","0.00","0","0","0"
"Finocam - Agenda 2022 2023 Vitae 16 mesi Settimana Layout Orizzontale Settembre 2022 - Dicembre 2023 (16 mesi) Nero Italiano","B09TRDDF4J","B09TRDDF4J","finocam","Diari per appuntamenti e agende","Archivio ufficio e accessori per scrivania","1","1","100","0","0.00","0.00","0","0","0.00","0","0","0"
"Finocam Accessorio con 4 Anelli Rimovibile","B09X1958PV","B09X1958PV","finocam","Organizer personali","Organizzazione dell'ufficio","3","0","100","0","0.00","0.00","0","0","0.00","0","0","0"
"Finocam - Agenda 2023 Settimanale Spirale Design Collection Gennaio 2023 - Dicembre 2023 (12 mesi) Goldy Internazionale","B0B1QDV88B","B0B1QDV88B","finocam","Diari per appuntamenti e agende","Archivio ufficio e accessori per scrivania","0","0","0","0","0.00","0.00","0","0","0.00","0","0","0"
"Finocam, agenda giornaliera 2023, collezione Spiral Design, 12 mesi, dorata, media (E10-155 x 212 mm)","B0B5RR2RQL","B0B5RR2RQL","finocam","Diari per appuntamenti e agende","Archivio ufficio e accessori per scrivania","0","0","0","0","0.00","0.00","0","0","0.00","0","0","0"
"Finocam - Calendario 2023 con Calamita da Frigorifero per Scrivere Neutro Gennaio 2023 - Dicembre 2023 (12 mesi) Italiano, XS Con Calamita - 140x150 mm, 788070023","B0B5RV77FV","B0B5RV77FV","finocam","Calendari e articoli da scrivania","Archivio ufficio e accessori per scrivania","0","0","0","0","0.00","0.00","0","0","0.00","0","0","0"
"Finocam - Calendario 2023 da Tavolo Neutro Numeri Grandi Gennaio 2023 - Dicembre 2023 (12 mesi) Italiano","B0B5RYPF53","B0B5RYPF53","finocam","Calendari e articoli da scrivania","Archivio ufficio e accessori per scrivania","0","0","0","0","0.00","0.00","0","0","0.00","0","0","0"
"Finocam - Agenda Dotted 16 Mesi 2023 2024 Settimana Layout Orizzontale Settembre 2023 - Dicembre 2024 (16 mesi) Monstera Internazionale","B0BS4921GR","B0BS4921GR","finocam","Organizer personali","Organizzazione dell'ufficio","2","6","100","0","0.00","0.00","0","0","0.00","0","0","0"
"Finocam - Agenda Espiral 18 Mesi 2023 2024 Settimana Layout Orizzontale Luglio 2023 - Dicembre 2024 (18 mesi) Lady Internazionale","B0BS4B1NKG","B0BS4B1NKG","finocam","Organizer personali","Organizzazione dell'ufficio","0","0","0","0","0.00","0.00","0","0","0.00","0","0","0"
"Finocam - Agenda Espiral 18 Mesi 2023 2024 Settimana Layout Orizzontale Luglio 2023 - Dicembre 2024 (18 mesi) Nero Internazionale","B0BS4B64Q7","B0BS4B64Q7","finocam","Organizer personali","Organizzazione dell'ufficio","0","0","0","0","0.00","0.00","0","0","0.00","0","0","0"
"Finocam - Agenda Mínimal 18 Mesi 2023 2024 Settimana Layout Orizzontale Luglio 2023 - Dicembre 2024 (18 mesi) Pretty Internazionale","B0BS4B89CG","B0BS4B89CG","finocam","Organizer personali","Organizzazione dell'ufficio","1","0","0","0","0.00","0.00","0","0","0.00","0","0","0"
"Finocam - Agenda Mara 18 Mesi 2023 2024 Settimana Layout Verticale Luglio 2023 - Dicembre 2024 (18 mesi) Lady Internazionale","B0BS4BM5SS","B0BS4BM5SS","finocam","Organizer personali","Organizzazione dell'ufficio","1","2","100","0","0.00","0.00","0","0","0.00","0","0","0"
"Finocam - Quaderno Flexi Design Liscio Butterfly","B0BS4BZ9FG","B0BS4BZ9FG","finocam","Blocchi appunti, taccuini e diari","Archivio ufficio e accessori per scrivania","0","0","0","0","0.00","0.00","0","0","0.00","0","0","0"
"Finocam - Agenda Mínimal 18 Mesi 2023 2024 Settimana Layout Orizzontale Luglio 2023 - Dicembre 2024 (18 mesi) Girl Internazionale","B0BS4D82CL","B0BS4D82CL","finocam","Organizer personali","Organizzazione dell'ufficio","2","4","100","0","0.00","0.00","0","0","0.00","0","0","0"
"Finocam - Calendario Immagini da Tavolo 2024 Gennaio 2024 - Dicembre 2024 (12 mesi) Parks Internazionale","B0C2V9FMWZ","B0C2V9FMWZ","finocam","Calendari e articoli da scrivania","Archivio ufficio e accessori per scrivania","1","0","100","0","0.00","0.00","0","0","0.00","0","0","0"
"Finocam - Agenda Espiral Opaque 2024 Layout Settimanale Orizzontale Gennaio 2024 - Dicembre 2024 (12 mesi) Viola Internazionale","B0C2VC1D3G","B0C2VC1D3G","finocam","Organizer personali","Organizzazione dell'ufficio","1","3","100","0","0.00","0.00","0","0","0.00","0","0","0"
"Finocam - Calendario Immagini da Parete 2024 Gennaio 2024 - Dicembre 2024 (12 mesi) Parks Internazionale","B0C2VC2X38","B0C2VC2X38","finocam","Organizer personali","Organizzazione dell'ufficio","0","0","0","0","0.00","0.00","0","0","0.00","0","0","0"
"Finocam - Agenda Espiral Opaque 2024 1 Giorno per Pagina Gennaio 2024 - Dicembre 2024 (12 mesi) Nero Internazionale","B0C2VF6WGZ","B0C2VF6WGZ","finocam","Organizer personali","Organizzazione dell'ufficio","1","0","0","0","0.00","0.00","0","0","0.00","0","0","0"
"Finocam - Agenda Dynamic Milano 2024 2 Pagine per Giorno Gennaio 2024 - Dicembre 2024 (12 mesi) Nero Internazionale","B0C339QKHM","B0C339QKHM","finocam","Diari per appuntamenti e agende","Archivio ufficio e accessori per scrivania","0","0","0","0","0.00","0.00","0","0","0.00","0","0","0"
"Finocam - Agenda Espiral Design Collection 2024 Layout Settimanale Orizzontale Gennaio 2024 - Dicembre 2024 (12 mesi) Moon Internazionale","B0C33BJ5FL","B0C33BJ5FL","finocam","Organizer personali","Organizzazione dell'ufficio","1","0","100","0","0.00","0.00","0","0","0.00","0","0","0"
"Finocam - Agenda Espiral Design Collection 2024 Layout Settimanale Orizzontale Gennaio 2024 - Dicembre 2024 (12 mesi) Ora Internazionale","B0C33BRVX2","B0C33BRVX2","finocam","Organizer personali","Organizzazione dell'ufficio","2","0","100","0","0.00","0.00","0","0","0.00","0","0","0"
"Finocam - Agenda Espiral Design Collection 2024 Layout Settimanale Orizzontale Gennaio 2024 - Dicembre 2024 (12 mesi) Impossibile Internazionale","B0C33CZWXX","B0C33CZWXX","finocam","Organizer personali","Organizzazione dell'ufficio","0","0","0","0","0.00","0.00","0","0","0.00","0","0","0"
"Finocam - Agenda Espiral Opaque 2024 Layout Settimanale Orizzontale Gennaio 2024 - Dicembre 2024 (12 mesi) Nero Italiano","B0C3VFNPFP","B0C3VFNPFP","finocam","Organizer personali","Organizzazione dell'ufficio","0","0","0","0","0.00","0.00","0","0","0.00","0","0","0"
"Finocam - Agenda Espiral Design Collection 2024 Layout Settimanale Orizzontale Gennaio 2024 - Dicembre 2024 (12 mesi) Impossibile Italiano","B0C3VFT7VZ","B0C3VFT7VZ","finocam","Organizer personali","Organizzazione dell'ufficio","0","0","0","0","0.00","0.00","0","0","0.00","0","0","0"
"Finocam - Agenda Espiral Design Collection 2024 Layout Settimanale Orizzontale Gennaio 2024 - Dicembre 2024 (12 mesi) Goldy Italiano","B0C3VGP1NM","B0C3VGP1NM","finocam","Organizer personali","Organizzazione dell'ufficio","0","0","0","0","0.00","0.00","0","0","0.00","0","0","0"
"Finocam - Agenda Espiral Design Collection 2024 1 Giorno per Pagina Gennaio 2024 - Dicembre 2024 (12 mesi) Impossibile Italiano","B0C3VGRNS7","B0C3VGRNS7","finocam","Organizer personali","Organizzazione dell'ufficio","0","0","0","0","0.00","0.00","0","0","0.00","0","0","0"
"Finocam - Calendario Neutro da Tavolo Numeri Grandi 2024 Gennaio 2024 - Dicembre 2024 (12 mesi) Italiano","B0C3VHLY8L","B0C3VHLY8L","finocam","Calendari e articoli da scrivania","Archivio ufficio e accessori per scrivania","0","0","0","0","0.00","0.00","0","0","0.00","0","0","0"
"finocam - Rubrica telefonica Phone DinA5 Spirale doppia Nero, din a5 (148x210 mm) (Confezione da 2)","B0CPFC26KP","B0CPFC26KP","finocam","Blocchi appunti, taccuini e diari","Archivio ufficio e accessori per scrivania","14","18","100","0","0.00","0.00","0","0","0.00","0","0","0"
"APS Vaso di stoccaggio Classic - Vaso di stoccaggio in vetro di alta qualità con una capacità di 4,0 litri (Confezione da 2)","B0CSXLP4S7","B0CSXLP4S7","APS","32809420","32809400","2","1","0","0","0.00","0.00","0","0","0.00","0","0","0"
"Finocam - Agenda Espiral 18 Mesi 2024 2025 Settimana Layout Orizzontale Luglio 2024 - Dicembre 2025 (18 mesi) Pretty Internazionale","B0CTMT85NQ","B0CTMT85NQ","finocam","Organizer personali","Organizzazione dell'ufficio","0","10","0","0","0.00","0.00","0","0","0.00","0","0","0"
"Finocam - Agenda Mínimal 18 Mesi 2024 2025 Settimana Layout Orizzontale Luglio 2024 - Dicembre 2025 (18 mesi) Pretty Internazionale","B0CTMT9LVP","B0CTMT9LVP","finocam","Organizer personali","Organizzazione dell'ufficio","2","10","100","0","0.00","0.00","0","0","0.00","0","0","0"
"Finocam - Agenda Mínimal 18 Mesi 2024 2025 Settimana Layout Orizzontale Luglio 2024 - Dicembre 2025 (18 mesi) Daisy Internazionale","B0CTMTCBM9","B0CTMTCBM9","finocam","Organizer personali","Organizzazione dell'ufficio","0","15","0","0","0.00","0.00","0","0","0.00","0","0","0"
"Finocam - Agenda Dotted 16 Mesi 2024 2025 Settimana Layout Orizzontale Settembre 2024 - Dicembre 2025 (16 mesi) Marga Internazionale","B0CTMTNSXL","B0CTMTNSXL","finocam","Organizer personali","Organizzazione dell'ufficio","2","10","100","0","0.00","0.00","0","0","0.00","0","0","0"
"Finocam - Agenda Mara 18 Mesi 2024 2025 1 Giorno per Pagina Luglio 2024 - Dicembre 2025 (18 mesi) Daisy Internazionale","B0CTMTPNWP","B0CTMTPNWP","finocam","Organizer personali","Organizzazione dell'ufficio","1","20","100","0","0.00","0.00","0","0","0.00","0","0","0"
"Finocam - Agenda Espiral 18 Mesi 2024 2025 Settimana Layout Orizzontale Luglio 2024 - Dicembre 2025 (18 mesi) Nero Internazionale","B0CTMV17X8","B0CTMV17X8","finocam","Organizer personali","Organizzazione dell'ufficio","1","9","0","0","0.00","0.00","0","0","0.00","0","0","0"
"Finocam - Agenda Spirale You 2025 Layout Settimanale Verticale Gennaio 2025 - Dicembre 2025 (12 mesi) Tulip Internazionale","B0D3F448W8","B0D3F448W8","finocam","Diari per appuntamenti e agende","Archivio ufficio e accessori per scrivania","0","4","0","0","0.00","0.00","0","0","0.00","0","0","0"
"finocam - Quaderno Design Liscio Inspire","B0D3F4491M","B0D3F4491M","finocam","Blocchi appunti, taccuini e diari","Archivio ufficio e accessori per scrivania","1","0","100","0","0.00","0.00","0","0","0.00","0","0","0"
"finocam - Quaderno Class Liscio Rosso","B0D3F53DRY","B0D3F53DRY","finocam","Blocchi appunti, taccuini e diari","Archivio ufficio e accessori per scrivania","3","0","100","0","0.00","0.00","0","0","0.00","0","0","0"
"finocam - Quaderno Design Liscio Lion","B0D3F568BP","B0D3F568BP","finocam","Blocchi appunti, taccuini e diari","Archivio ufficio e accessori per scrivania","1","0","100","0","0.00","0.00","0","0","0.00","0","0","0"
"Finocam - Agenda Dynamic Berlín 2025 Layout Settimanale Verticale Gennaio 2025 - Dicembre 2025 (12 mesi) Tulip Internazionale","B0D3F5FMWC","B0D3F5FMWC","finocam","Diari per appuntamenti e agende","Archivio ufficio e accessori per scrivania","0","0","0","0","0.00","0.00","0","0","0.00","0","0","0"
"Finocam - Agenda Dynamic Berlín 2025 Layout Settimanale Verticale Gennaio 2025 - Dicembre 2025 (12 mesi) Foglie Internazionale","B0D3F5GFRW","B0D3F5GFRW","finocam","Diari per appuntamenti e agende","Archivio ufficio e accessori per scrivania","0","0","0","0","0.00","0.00","0","0","0.00","0","0","0"
"finocam - Quaderno Design Liscio Mountain","B0D3F5GXRS","B0D3F5GXRS","finocam","Blocchi appunti, taccuini e diari","Archivio ufficio e accessori per scrivania","5","2","100","0","0.00","0.00","0","0","0.00","0","0","0"
"Finocam - Calendario Immagini da Parete Internazionale 2025 Layout Mensile Gennaio 2025 - Dicembre 2025 (12 mesi) Paris Internazionale","B0D3F5KTC9","B0D3F5KTC9","finocam","calendari","Organizzazione dell'ufficio","1","0","100","0","0.00","0.00","0","0","0.00","0","0","0"
"Finocam - Agenda Spirale You 2025 Layout Settimanale Verticale Gennaio 2025 - Dicembre 2025 (12 mesi) Spring Internazionale","B0D3F5RWPP","B0D3F5RWPP","finocam","Diari per appuntamenti e agende","Archivio ufficio e accessori per scrivania","0","3","0","0","0.00","0.00","0","0","0.00","0","0","0"
"finocam - Quaderno Design Liscio Butterfly","B0D3F5WQ51","B0D3F5WQ51","finocam","Blocchi appunti, taccuini e diari","Archivio ufficio e accessori per scrivania","0","1","0","0","0.00","0.00","0","0","0.00","0","0","0"
"Finocam - Agenda Dynamic Mara 2025 Layout Settimanale Verticale Gennaio 2025 - Dicembre 2025 (12 mesi) Nero Internazionale","B0D3F5WRRJ","B0D3F5WRRJ","finocam","Diari per appuntamenti e agende","Archivio ufficio e accessori per scrivania","0","6","0","0","0.00","0.00","0","0","0.00","0","0","0"
"Finocam - Calendario Immagini da Parete Internazionale 2025 Layout Mensile Gennaio 2025 - Dicembre 2025 (12 mesi) Charming Internazionale","B0D3F5X4R5","B0D3F5X4R5","finocam","calendari","Organizzazione dell'ufficio","0","3","0","0","0.00","0.00","0","0","0.00","0","0","0"
"finocam - Quaderno Modern Dotted-Puntinato Nero","B0D3F5X5NK","B0D3F5X5NK","finocam","Blocchi appunti, taccuini e diari","Archivio ufficio e accessori per scrivania","2","3","100","0","0.00","0.00","0","0","0.00","0","0","0"
"finocam - Quaderno Class Liscio Nero","B0D3F5X6WG","B0D3F5X6WG","finocam","Blocchi appunti, taccuini e diari","Archivio ufficio e accessori per scrivania","1","0","100","0","0.00","0.00","0","0","0.00","0","0","0"
"finocam - Quaderno Modern Liscio Rosa","B0D3F5Z1B9","B0D3F5Z1B9","finocam","Blocchi appunti, taccuini e diari","Archivio ufficio e accessori per scrivania","1","0","100","0","0.00","0.00","0","0","0.00","0","0","0"
"Finocam - Agenda Dynamic Berlín 2025 1 Pagina per Giorno Gennaio 2025 - Dicembre 2025 (12 mesi) Tulip Internazionale","B0D3F655SD","B0D3F655SD","finocam","Diari per appuntamenti e agende","Archivio ufficio e accessori per scrivania","0","14","0","0","0.00","0.00","0","0","0.00","0","0","0"
"finocam - Quaderno Design Liscio Flamingo","B0D3F68K7V","B0D3F68K7V","finocam","Blocchi appunti, taccuini e diari","Archivio ufficio e accessori per scrivania","0","2","0","0","0.00","0.00","0","0","0.00","0","0","0"
"finocam - Quaderno Modern Liscio Nero","B0D3F695NM","B0D3F695NM","finocam","Blocchi appunti, taccuini e diari","Archivio ufficio e accessori per scrivania","1","0","0","0","0.00","0.00","0","0","0.00","0","0","0"
"finocam - Quaderno Modern Liscio Nero","B0D3F6D8KY","B0D3F6D8KY","finocam","Blocchi appunti, taccuini e diari","Archivio ufficio e accessori per scrivania","1","0","100","0","0.00","0.00","0","0","0.00","0","0","0"
"finocam - Quaderno Modern Dotted-Puntinato Blu","B0D3F6J4QB","B0D3F6J4QB","finocam","Blocchi appunti, taccuini e diari","Archivio ufficio e accessori per scrivania","1","3","100","0","0.00","0.00","0","0","0.00","0","0","0"
"finocam - Quaderno Design Liscio Butterfly","B0D3F6SNRD","B0D3F6SNRD","finocam","Blocchi appunti, taccuini e diari","Archivio ufficio e accessori per scrivania","3","0","0","0","0.00","0.00","0","0","0.00","0","0","0"
"Finocam - Calendario Immagini da Tavolo Internazionale 2025 Layout Mensile Gennaio 2025 - Dicembre 2025 (12 mesi) London Internazionale","B0D3F6YVKS","B0D3F6YVKS","finocam","calendari","Organizzazione dell'ufficio","0","5","0","0","0.00","4.01","0","1","0.00","0","0","20"
"finocam - Quaderno Modern Liscio Nero","B0D3F6ZC3V","B0D3F6ZC3V","finocam","Blocchi appunti, taccuini e diari","Archivio ufficio e accessori per scrivania","1","0","100","0","0.00","0.00","0","0","0.00","0","0","0"
"Finocam - Calendario Neutro da Parete per Scrivere 2025 Layout Mensile Gennaio 2025 - Dicembre 2025 (12 mesi) Italiano","B0D7QBCBQW","B0D7QBCBQW","finocam","calendari","Organizzazione dell'ufficio","1","90","0","0","0.00","26.65","0","5","0.00","0","0","5.6"
"Finocam - Calendario Bloc Design da Parete con Calamita per Scrivere 2025 Layout Mensile Gennaio 2025 - Dicembre 2025 (12 mesi) Italiano","B0D7QBP14H","B0D7QBP14H","finocam","calendari","Organizzazione dell'ufficio","0","38","0","0","0.00","0.00","0","0","0.00","0","0","0"
"Finocam - Agenda Spirale Design Collection 2025 Settimana Layout Orizzontale Gennaio 2025 - Dicembre 2025 (12 mesi) Goldy Italiano","B0D7QCDQSD","B0D7QCDQSD","finocam","Diari per appuntamenti e agende","Archivio ufficio e accessori per scrivania","2","38","0","0","0.00","0.00","0","0","0.00","0","0","0"
"Finocam - Calendario Neutro da Parete per Scrivere 2025 Layout Mensile Gennaio 2025 - Dicembre 2025 (12 mesi) Italiano","B0D7QD3N4C","B0D7QD3N4C","finocam","calendari","Organizzazione dell'ufficio","0","25","0","0","0.00","6.56","0","1","0.00","0","0","4"
"Finocam - Agenda Spirale Design Collection 2025 1 Pagina per Giorno Gennaio 2025 - Dicembre 2025 (12 mesi) Gala Italiano","B0D7QF821D","B0D7QF821D","finocam","Diari per appuntamenti e agende","Archivio ufficio e accessori per scrivania","4","7","100","0","0.00","0.00","0","0","0.00","0","0","0"
"finocam - Taccuino Nexo Copertina Rigida Pagine Bianche Blu Marino | Taccuino A5 con Fogli Microforati | Tasca e Portapenna | 72 Fogli, Ideale per Scrivere e Disegnare","B0DV5Q5VJ3","B0DV5Q5VJ3","finocam","22903203","Archivio ufficio e accessori per scrivania","4","1","100","0","0.00","0.00","0","0","0.00","0","0","0"
"finocam Taccuino Nexo Copertina Morbida Righe Orizzontali Camel, Taccuino Piccolo con Fogli Microforati, Tasca e Portapenna, 72 Fogli, Ideale per Scrivere","B0DV5QB5K2","B0DV5QB5K2","finocam","22903203","Archivio ufficio e accessori per scrivania","1","2","100","0","0.00","0.00","0","0","0.00","0","0","0"
"finocam Agenda Spirale 18 Mesi 2025 2026 2 Giorni per Pagina Luglio 2025 Dicembre 2026 (18 mesi) Girl Internazionale","B0DV5QDXLM","B0DV5QDXLM","finocam","Diari per appuntamenti e agende","Archivio ufficio e accessori per scrivania","1","314","0","0","0.00","37.62","0","3","0.00","0","0","1"
"finocam Taccuino Nexo Copertina Morbida Righe Orizzontali Nero, Taccuino Grande con Fogli Microforati, Tasca e Portapenna, 72 Fogli, Ideale per Scrivere","B0DV5QP7C2","B0DV5QP7C2","finocam","22903203","Archivio ufficio e accessori per scrivania","1","2","100","0","0.00","0.00","0","0","0.00","0","0","0"
"finocam Taccuino Nexo Copertina Morbida Pagine Bianche Blu Marino, Taccuino Grande con Fogli Microforati, Tasca e Portapenna, 72 Fogli, Ideale per Scrivere e Disegnare","B0DV5QVW3M","B0DV5QVW3M","finocam","22903203","Archivio ufficio e accessori per scrivania","3","8","100","0","0.00","0.00","0","0","0.00","0","0","0"
"finocam Taccuino Nexo Copertina Morbida Pagine Bianche Azzurro, Taccuino Piccolo con Fogli Microforati, Tasca e Portapenna, 72 Fogli, Ideale per Scrivere e Disegnare","B0DV5QZHP4","B0DV5QZHP4","finocam","22903203","Archivio ufficio e accessori per scrivania","6","6","100","0","0.00","0.00","0","0","0.00","0","0","0"
"finocam Agenda Minimal 18 Mesi 2025 2026 Settimana Layout Orizzontale Luglio 2025 Dicembre 2026 (18 mesi) Girl Internazionale","B0DV5R3KVQ","B0DV5R3KVQ","finocam","Diari per appuntamenti e agende","Archivio ufficio e accessori per scrivania","20","330","100","0","0.00","138.70","0","10","0.00","0","0","3"
"Finocam - Portadocumenti A4 NOPAL - Blu Marino | Portafoglio con Cerniera - Tasca interna per tablet | Cartella per appunti | Portadocumenti BIOMATERIALE - BASE CACTUS","B0DV5R586Z","B0DV5R586Z","finocam","22903151","Archivio ufficio e accessori per scrivania","13","1","100","0","0.00","0.00","0","0","0.00","0","0","0"
"finocam Agenda Ikon 16 Mesi 2025 2026 1 Giorno per Pagina Settembre 2025 Dicembre 2026 (16 mesi) Nero Internazionale","B0DV5RCDVW","B0DV5RCDVW","finocam","Diari per appuntamenti e agende","Archivio ufficio e accessori per scrivania","0","105","0","0","0.00","88.03","0","3","0.00","0","0","2.9"
"finocam - Taccuino Nexo Copertina Rigida Dotted Nero| Taccuino Piccolo con Fogli Microforati | Tasca e Portapenna| 72 Fogli, Ideale per Bullet Journal","B0DV5RCK3Y","B0DV5RCK3Y","finocam","22903203","Archivio ufficio e accessori per scrivania","5","2","100","0","0.00","0.00","0","0","0.00","0","0","0"
"finocam Taccuino Nexo Copertina Morbida Righe Orizzontali Blu Marino, Taccuino Piccolo con Fogli Microforati, Tasca e Portapenna, 72 Fogli, Ideale per Scrivere","B0DV5RFGGB","B0DV5RFGGB","finocam","22903203","Archivio ufficio e accessori per scrivania","1","1","100","0","0.00","7.38","0","1","0.00","0","0","100"
"finocam Taccuino Nexo Copertina Morbida Pagine Bianche Rosso, Taccuino A5 con Fogli Microforati, Tasca e Portapenna, 72 Fogli, Ideale per Scrivere e Disegnare","B0DV5RFSGM","B0DV5RFSGM","finocam","22903203","Archivio ufficio e accessori per scrivania","2","9","100","0","0.00","9.03","0","1","0.00","0","0","11.1"
"finocam Agenda Capri 16 Mesi 2025 2026 Settimana Layout Orizzontale Settembre 2025 Dicembre 2026 16 mesi Jungla Internazionale, Settimanale Orizzontale, Piccolo - F4-118x168 mm","B0DV5RFYDJ","B0DV5RFYDJ","finocam","Diari per appuntamenti e agende","Archivio ufficio e accessori per scrivania","0","423","0","0","0.00","24.95","0","2","0.00","0","0","0.5"
"Finocam - Agenda Mara 18 Mesi 2025 2026 Settimana Layout Verticale Luglio 2025 - Dicembre 2026 (18 mesi) Nero Internazionale","B0DV5RGYLC","B0DV5RGYLC","finocam","Diari per appuntamenti e agende","Archivio ufficio e accessori per scrivania","13","383","100","0","0.00","82.88","0","7","0.00","0","0","1.8"
"finocam Agenda Dotted 16 Mesi 2025 2026 Settimana Layout Orizzontale Settembre 2025 Dicembre 2026 (16 mesi) Nero Internazionale","B0DV5RJC23","B0DV5RJC23","finocam","Diari per appuntamenti e agende","Archivio ufficio e accessori per scrivania","4","299","100","0","0.00","113.30","0","11","0.00","0","0","3.7"
"finocam Taccuino Nexo Copertina Morbida Righe Orizzontali Rosa, Taccuino A5 con Fogli Microforati, Tasca e Portapenna, 72 Fogli, Ideale per Annotare e Scrivere","B0DV5RLDFV","B0DV5RLDFV","finocam","22903203","Archivio ufficio e accessori per scrivania","4","1","100","0","0.00","0.00","0","0","0.00","0","0","0"
"Finocam - Agenda Mara 18 Mesi 2025 2026 Settimana Layout Verticale Luglio 2025 - Dicembre 2026 (18 mesi) Pretty Internazionale","B0DV5RMVZL","B0DV5RMVZL","finocam","Diari per appuntamenti e agende","Archivio ufficio e accessori per scrivania","39","490","100","0","0.00","240.44","0","21","0.00","0","0","4.3"
"Finocam - Agenda Mara 18 Mesi 2025 2026 1 Giorno per Pagina Luglio 2025 - Dicembre 2026 (18 mesi) Daisy Internazionale","B0DV5RMXHG","B0DV5RMXHG","finocam","Diari per appuntamenti e agende","Archivio ufficio e accessori per scrivania","19","220","100","0","0.00","62.12","0","4","0.00","0","0","1.8"
"finocam - Taccuino Nexo Copertina Rigida Pagine Bianche Rosso | Taccuino A5 con Fogli Microforati | Tasca e Portapenna | 72 Fogli, Ideale per Scrivere e Disegnare","B0DV5RNS84","B0DV5RNS84","finocam","22903203","Archivio ufficio e accessori per scrivania","4","6","100","0","0.00","11.48","0","1","0.00","0","0","16.7"
"finocam Agenda Ikon 16 Mesi 2025 2026 1 Giorno per Pagina Settembre 2025 Dicembre 2026 (16 mesi) Bordeaux Internazionale","B0DV5RQBSR","B0DV5RQBSR","finocam","Diari per appuntamenti e agende","Archivio ufficio e accessori per scrivania","5","65","100","0","0.00","27.70","0","2","0.00","0","0","3.1"
"finocam Agenda Dotted 16 Mesi 2025 2026 Settimana Layout Orizzontale Settembre 2025 Dicembre 2026 (16 mesi) Bloom Internazionale","B0DV5RR7Z5","B0DV5RR7Z5","finocam","Diari per appuntamenti e agende","Archivio ufficio e accessori per scrivania","1","986","100","0","0.00","154.30","0","15","0.00","0","0","1.5"
"finocam Taccuino Nexo Copertina Morbida Righe Orizzontali Blu Marino, Taccuino Grande con Fogli Microforati, Tasca e Portapenna, 72 Fogli, Ideale per Scrivere","B0DV5RR99R","B0DV5RR99R","finocam","22903203","Archivio ufficio e accessori per scrivania","0","0","0","0","0.00","0.00","0","0","0.00","0","0","0"
"finocam - Taccuino Nexo Copertina Rigida Dotted Camel| Taccuino A5 con Fogli Microforati | Tasca e Portapenna| 72 Fogli, Ideale per Bullet Journal","B0DV5RRK89","B0DV5RRK89","finocam","22903203","Archivio ufficio e accessori per scrivania","3","0","100","0","0.00","0.00","0","0","0.00","0","0","0"
"finocam - Taccuino Nexo Copertina Rigida Pagine Bianche Nero | Taccuino A5 con Fogli Microforati | Tasca e Portapenna | 72 Fogli, Ideale per Scrivere e Disegnare","B0DV5RT5F9","B0DV5RT5F9","finocam","22903203","Archivio ufficio e accessori per scrivania","4","5","100","0","0.00","11.48","0","1","0.00","0","0","20"
"finocam Taccuino Nexo Copertina Morbida Dotted Blu Marino, Taccuino A5 con Fogli Microforati, Tasca e Portapenna, 72 Fogli, Ideale per Bullet Journal","B0DV5RV4DS","B0DV5RV4DS","finocam","22903203","Archivio ufficio e accessori per scrivania","10","8","100","0","0.00","0.00","0","0","0.00","0","0","0"
"finocam Agenda Capri 16 Mesi 2025 2026 Settimana Layout Orizzontale Settembre 2025 Dicembre 2026 16 mesi Power Internazionale, Settimanale Orizzontale, Piccolo - F4-118x168 mm","B0DV5RVJP2","B0DV5RVJP2","finocam","Diari per appuntamenti e agende","Archivio ufficio e accessori per scrivania","10","76","100","0","0.00","25.17","0","2","0.00","0","0","2.6"
"finocam Taccuino Nexo Copertina Morbida Pagine Bianche Camel, Taccuino A5 con Fogli Microforati, Tasca e Portapenna, 72 Fogli, Ideale per Scrivere e Disegnare","B0DV5RXRMG","B0DV5RXRMG","finocam","22903203","Archivio ufficio e accessori per scrivania","3","3","100","0","0.00","0.00","0","0","0.00","0","0","0"
"finocam - Taccuino Nexo Copertina Rigida Dotted Rosso| Taccuino A5 con Fogli Microforati | Tasca e Portapenna| 72 Fogli, Ideale per Bullet Journal","B0DV5RXWQ6","B0DV5RXWQ6","finocam","22903203","Archivio ufficio e accessori per scrivania","0","0","0","0","0.00","0.00","0","0","0.00","0","0","0"
"finocam - Taccuino Nexo Copertina Rigida Dotted Blu Marino| Taccuino Grande con Fogli Microforati | Tasca e Portapenna| 72 Fogli, Ideale per Bullet Journal","B0DV5S16GC","B0DV5S16GC","finocam","22903203","Archivio ufficio e accessori per scrivania","5","1","100","0","0.00","0.00","0","0","0.00","0","0","0"
"finocam Taccuino Nexo Copertina Morbida Pagine Bianche Blu Marino, Taccuino Piccolo con Fogli Microforati, Tasca e Portapenna, 72 Fogli, Ideale per Scrivere e Disegnare","B0DV5S1CFS","B0DV5S1CFS","finocam","22903203","Archivio ufficio e accessori per scrivania","5","2","100","0","0.00","0.00","0","0","0.00","0","0","0"
"Finocam - Portadocumenti A5 NOPAL - Verde oliva | Cartella con Cerniera - Tasca interna per tablet | Cartella per appunti | Portadocumenti BIOMATERIALE - BASE CACTUS","B0DV5S2Z1M","B0DV5S2Z1M","finocam","22903151","Archivio ufficio e accessori per scrivania","9","1","100","0","0.00","0.00","0","0","0.00","0","0","0"
"finocam Agenda Dotted 16 Mesi 2025 2026 Settimana Layout Orizzontale Settembre 2025 Dicembre 2026 (16 mesi) Rosa Internazionale","B0DV5S3DLT","B0DV5S3DLT","finocam","Diari per appuntamenti e agende","Archivio ufficio e accessori per scrivania","0","1047","0","0","0.00","256.80","0","25","0.00","0","0","2.4"
"Finocam - Portadocumenti A4 NOPAL - Verde oliva | Portafoglio con Cerniera - Tasca interna per tablet | Cartella per appunti | Portadocumenti BIOMATERIALE - BASE CACTUS","B0DV5S3FFC","B0DV5S3FFC","finocam","22903151","Archivio ufficio e accessori per scrivania","9","2","100","0","0.00","0.00","0","0","0.00","0","0","0"
"finocam - Taccuino Nexo Copertina Rigida Pagine Bianche Fucsia | Taccuino A5 con Fogli Microforati | Tasca e Portapenna | 72 Fogli, Ideale per Scrivere e Disegnare","B0DV5S48FW","B0DV5S48FW","finocam","22903203","Archivio ufficio e accessori per scrivania","1","1","100","0","0.00","0.00","0","0","0.00","0","0","0"
"finocam - Taccuino Nexo Copertina Rigida Pagine Bianche Turchese | Taccuino Grande con Fogli Microforati | Tasca e Portapenna | 72 Fogli, Ideale per Scrivere e Disegnare","B0DV5S4FJ5","B0DV5S4FJ5","finocam","22903203","Archivio ufficio e accessori per scrivania","0","1","0","0","0.00","0.00","0","0","0.00","0","0","0"
"finocam - Taccuino Nexo Copertina Rigida Pagine Bianche Rosa | Taccuino Piccolo con Fogli Microforati | Tasca e Portapenna | 72 Fogli, Ideale per Scrivere e Disegnare","B0DV5S5D1S","B0DV5S5D1S","finocam","22903203","Archivio ufficio e accessori per scrivania","2","13","100","0","0.00","0.00","0","0","0.00","0","0","0"
"finocam Taccuino Nexo Copertina Morbida Righe Orizzontali Nero, Taccuino A5 con Fogli Microforati, Tasca e Portapenna, 72 Fogli, Ideale per Annotare e Scrivere","B0DV5S69BB","B0DV5S69BB","finocam","22903203","Archivio ufficio e accessori per scrivania","8","7","100","0","0.00","0.00","0","0","0.00","0","0","0"
"finocam Taccuino Nexo Copertina Morbida Pagine Bianche Rosso, Taccuino Piccolo con Fogli Microforati, Tasca e Portapenna, 72 Fogli, Ideale per Scrivere e Disegnare","B0DV5S6FCS","B0DV5S6FCS","finocam","22903203","Archivio ufficio e accessori per scrivania","3","2","100","0","0.00","0.00","0","0","0.00","0","0","0"
"Finocam - Agenda Mara 18 Mesi 2025 2026 Settimana Layout Verticale Luglio 2025 - Dicembre 2026 (18 mesi) Daisy Internazionale","B0DV5S6TBB","B0DV5S6TBB","finocam","Diari per appuntamenti e agende","Archivio ufficio e accessori per scrivania","17","223","100","0","0.00","22.86","0","2","0.00","0","0","0.9"
"finocam - Taccuino Nexo Copertina Rigida Righe Orizzontali Camel| Taccuino A5 con Fogli Microforati | Tasca e Portapenna| 72 Fogli, Ideale per Annotare e Scrivere","B0DV5S6TGW","B0DV5S6TGW","finocam","22903203","Archivio ufficio e accessori per scrivania","0","1","0","0","0.00","0.00","0","0","0.00","0","0","0"
"finocam Agenda Minimal 18 Mesi 2025 2026 Settimana Layout Orizzontale Luglio 2025 Dicembre 2026 (18 mesi) Rosso Internazionale","B0DV5SCFGG","B0DV5SCFGG","finocam","Diari per appuntamenti e agende","Archivio ufficio e accessori per scrivania","14","65","100","0","0.00","11.43","0","1","0.00","0","0","1.5"
"finocam Agenda Spirale 18 Mesi 2025 2026 Settimana Layout Orizzontale Luglio 2025 Dicembre 2026 (18 mesi) Daisy Internazionale","B0DV5SCJMK","B0DV5SCJMK","finocam","Diari per appuntamenti e agende","Archivio ufficio e accessori per scrivania","7","188","100","0","0.00","18.44","0","2","0.00","0","0","1.1"
"finocam Taccuino Nexo Copertina Morbida Dotted Turchese, Taccuino Piccolo con Fogli Microforati, Tasca e Portapenna, 72 Fogli, Ideale per Bullet Journal","B0DV5SD5LQ","B0DV5SD5LQ","finocam","22903203","Archivio ufficio e accessori per scrivania","1","1","0","0","0.00","0.00","0","0","0.00","0","0","0"
"finocam - Taccuino Nexo Copertina Rigida Righe Orizzontali Rosso| Taccuino A5 con Fogli Microforati | Tasca e Portapenna| 72 Fogli, Ideale per Annotare e Scrivere","B0DV5SDK7J","B0DV5SDK7J","finocam","22903203","Archivio ufficio e accessori per scrivania","3","2","100","0","0.00","0.00","0","0","0.00","0","0","0"
"finocam Taccuino Nexo Copertina Morbida Dotted Camel, Taccuino A5 con Fogli Microforati, Tasca e Portapenna, 72 Fogli, Ideale per Bullet Journal","B0DV5SDYWJ","B0DV5SDYWJ","finocam","22903203","Archivio ufficio e accessori per scrivania","4","4","100","0","0.00","9.84","0","1","0.00","0","0","25"
"finocam Taccuino Nexo Copertina Morbida Pagine Bianche Camel, Taccuino Piccolo con Fogli Microforati, Tasca e Portapenna, 72 Fogli, Ideale per Scrivere e Disegnare","B0DV5SF48G","B0DV5SF48G","finocam","22903203","Archivio ufficio e accessori per scrivania","22","17","100","0","0.00","0.00","0","0","0.00","0","0","0"
"finocam - Taccuino Nexo Copertina Rigida Pagine Bianche Turchese | Taccuino A5 con Fogli Microforati | Tasca e Portapenna | 72 Fogli, Ideale per Scrivere e Disegnare","B0DV5SFFLD","B0DV5SFFLD","finocam","22903203","Archivio ufficio e accessori per scrivania","0","1","0","0","0.00","0.00","0","0","0.00","0","0","0"
"finocam - Taccuino Nexo Copertina Rigida Righe Orizzontali Camel| Taccuino Piccolo con Fogli Microforati | Tasca e Portapenna| 72 Fogli, Ideale per Scrivere","B0DV5SGCD6","B0DV5SGCD6","finocam","22903203","Archivio ufficio e accessori per scrivania","1","0","0","0","0.00","0.00","0","0","0.00","0","0","0"
"finocam Agenda Capri 16 Mesi 2025 2026 Settimana Layout Orizzontale Settembre 2025 Dicembre 2026 16 mesi Happy Internazionale, Settimanale Orizzontale, Piccolo - F4-118x168 mm","B0DV5SGMH3","B0DV5SGMH3","finocam","Diari per appuntamenti e agende","Archivio ufficio e accessori per scrivania","0","171","0","0","0.00","0.00","0","0","0.00","0","0","0"
"finocam - Taccuino Nexo Copertina Rigida Righe Orizzontali Rosa| Taccuino A5 con Fogli Microforati | Tasca e Portapenna| 72 Fogli, Ideale per Annotare e Scrivere","B0DV5SGN6K","B0DV5SGN6K","finocam","22903203","Archivio ufficio e accessori per scrivania","0","0","0","0","0.00","0.00","0","0","0.00","0","0","0"
"finocam - Taccuino Nexo Copertina Rigida Pagine Bianche Azzurro | Taccuino A5 con Fogli Microforati | Tasca e Portapenna | 72 Fogli, Ideale per Scrivere e Disegnare","B0DV5SGZGV","B0DV5SGZGV","finocam","22903203","Archivio ufficio e accessori per scrivania","2","3","100","0","0.00","11.49","0","1","0.00","0","0","33.3"
"finocam - Taccuino Nexo Copertina Rigida Righe Orizzontali Turchese| Taccuino A5 con Fogli Microforati | Tasca e Portapenna| 72 Fogli, Ideale per Annotare e Scrivere","B0DV5SH9PL","B0DV5SH9PL","finocam","22903203","Archivio ufficio e accessori per scrivania","1","2","100","0","0.00","0.00","0","0","0.00","0","0","0"
"finocam Taccuino Nexo Copertina Morbida Pagine Bianche Turchese, Taccuino Grande con Fogli Microforati, Tasca e Portapenna, 72 Fogli, Ideale per Scrivere e Disegnare","B0DV5SJ4Z8","B0DV5SJ4Z8","finocam","22903203","Archivio ufficio e accessori per scrivania","1","1","100","0","0.00","0.00","0","0","0.00","0","0","0"
"finocam - Taccuino Nexo Copertina Rigida Dotted Camel| Taccuino Piccolo con Fogli Microforati | Tasca e Portapenna| 72 Fogli, Ideale per Bullet Journal","B0DV5SJHC9","B0DV5SJHC9","finocam","22903203","Archivio ufficio e accessori per scrivania","1","1","100","0","0.00","0.00","0","0","0.00","0","0","0"
"Finocam - Portadocumenti A4 NOPAL - Nero | Portafoglio con Cerniera - Tasca interna per tablet | Cartella per appunti | Portadocumenti BIOMATERIALE - BASE CACTUS","B0DV5SLJL1","B0DV5SLJL1","finocam","22903151","Archivio ufficio e accessori per scrivania","7","0","100","0","0.00","0.00","0","0","0.00","0","0","0"
"Finocam - Agenda Mara 18 Mesi 2025 2026 Settimana Layout Verticale Luglio 2025 - Dicembre 2026 (18 mesi) Rosso Internazionale","B0DV5SM6CT","B0DV5SM6CT","finocam","Diari per appuntamenti e agende","Archivio ufficio e accessori per scrivania","23","131","100","0","0.00","57.56","0","5","0.00","0","0","3.8"
"finocam Taccuino Nexo Copertina Morbida Dotted Nero, Taccuino Grande con Fogli Microforati, Tasca e Portapenna, 72 Fogli, Ideale per Bullet Journal","B0DV5SQ34P","B0DV5SQ34P","finocam","22903203","Archivio ufficio e accessori per scrivania","13","7","100","0","0.00","0.00","0","0","0.00","0","0","0"
"finocam Taccuino Nexo Copertina Morbida Pagine Bianche Nero, Taccuino Grande con Fogli Microforati, Tasca e Portapenna, 72 Fogli, Ideale per Scrivere e Disegnare","B0DV5SQ5BZ","B0DV5SQ5BZ","finocam","22903203","Archivio ufficio e accessori per scrivania","1","7","100","0","0.00","0.00","0","0","0.00","0","0","0"
"finocam Taccuino Nexo Copertina Morbida Pagine Bianche Fucsia, Taccuino A5 con Fogli Microforati, Tasca e Portapenna, 72 Fogli, Ideale per Scrivere e Disegnare","B0DV5SQPR3","B0DV5SQPR3","finocam","22903203","Archivio ufficio e accessori per scrivania","6","8","100","0","0.00","0.00","0","0","0.00","0","0","0"
"finocam Taccuino Nexo Copertina Morbida Pagine Bianche Giallo, Taccuino A5 con Fogli Microforati, Tasca e Portapenna, 72 Fogli, Ideale per Scrivere e Disegnare","B0DV5SRF1P","B0DV5SRF1P","finocam","22903203","Archivio ufficio e accessori per scrivania","4","32","100","0","0.00","0.00","0","0","0.00","0","0","0"
"finocam Taccuino Nexo Copertina Morbida Pagine Bianche Fucsia, Taccuino Piccolo con Fogli Microforati, Tasca e Portapenna, 72 Fogli, Ideale per Scrivere e Disegnare","B0DV5SRQ7Q","B0DV5SRQ7Q","finocam","22903203","Archivio ufficio e accessori per scrivania","0","22","0","0","0.00","0.00","0","0","0.00","0","0","0"
"Finocam - Agenda Mara 18 Mesi 2025 2026 1 Giorno per Pagina Luglio 2025 - Dicembre 2026 (18 mesi) Nero Internazionale","B0DV5SW6CG","B0DV5SW6CG","finocam","Diari per appuntamenti e agende","Archivio ufficio e accessori per scrivania","20","226","100","0","0.00","45.48","0","3","0.00","0","0","1.3"
"finocam Agenda Minimal 18 Mesi 2025 2026 Settimana Layout Orizzontale Luglio 2025 Dicembre 2026 (18 mesi) Daisy Internazionale","B0DV5SWV8G","B0DV5SWV8G","finocam","Diari per appuntamenti e agende","Archivio ufficio e accessori per scrivania","6","152","100","0","0.00","124.83","0","9","0.00","0","0","5.9"
"finocam - Taccuino Nexo Copertina Rigida Pagine Bianche Nero | Taccuino Piccolo con Fogli Microforati | Tasca e Portapenna | 72 Fogli, Ideale per Scrivere e Disegnare","B0DV5SX6J9","B0DV5SX6J9","finocam","22903203","Archivio ufficio e accessori per scrivania","30","20","100","0","0.00","8.20","0","1","0.00","0","0","5"
"finocam Agenda Minimal 18 Mesi 2025 2026 Settimana Layout Orizzontale Luglio 2025 Dicembre 2026 (18 mesi) Daisy Internazionale","B0DV5SYL1L","B0DV5SYL1L","finocam","Diari per appuntamenti e agende","Archivio ufficio e accessori per scrivania","21","394","100","0","0.00","34.29","0","3","0.00","0","0","0.8"
"finocam Taccuino Nexo Copertina Morbida Pagine Bianche Rosa, Taccuino Grande con Fogli Microforati, Tasca e Portapenna, 72 Fogli, Ideale per Scrivere e Disegnare","B0DV5SYNWZ","B0DV5SYNWZ","finocam","22903203","Archivio ufficio e accessori per scrivania","1","6","0","0","0.00","0.00","0","0","0.00","0","0","0"
"finocam - Taccuino Nexo Copertina Rigida Pagine Bianche Rosa | Taccuino A5 con Fogli Microforati | Tasca e Portapenna | 72 Fogli, Ideale per Scrivere e Disegnare","B0DV5T4WDC","B0DV5T4WDC","finocam","22903203","Archivio ufficio e accessori per scrivania","1","13","100","0","0.00","0.00","0","0","0.00","0","0","0"
"finocam Agenda Spirale 18 Mesi 2025 2026 2 Giorni per Pagina Luglio 2025 Dicembre 2026 (18 mesi) Nero Internazionale","B0DV5T5HMK","B0DV5T5HMK","finocam","Diari per appuntamenti e agende","Archivio ufficio e accessori per scrivania","3","71","100","0","0.00","26.40","0","2","0.00","0","0","2.8"
"finocam Agenda Capri 16 Mesi 2025 2026 Settimana Layout Orizzontale Settembre 2025 Dicembre 2026 16 mesi Nero Internazionale, Settimanale Orizzontale, Piccolo - F4-118x168 mm","B0DV5T5WD5","B0DV5T5WD5","finocam","Diari per appuntamenti e agende","Archivio ufficio e accessori per scrivania","4","140","100","0","0.00","24.48","0","2","0.00","0","0","1.4"
"finocam Taccuino Nexo Copertina Morbida Dotted Turchese, Taccuino A5 con Fogli Microforati, Tasca e Portapenna, 72 Fogli, Ideale per Bullet Journal","B0DV5T6247","B0DV5T6247","finocam","22903203","Archivio ufficio e accessori per scrivania","1","5","0","0","0.00","0.00","0","0","0.00","0","0","0"
"finocam - Taccuino Nexo Copertina Rigida Pagine Bianche Camel | Taccuino Piccolo con Fogli Microforati | Tasca e Portapenna | 72 Fogli, Ideale per Scrivere e Disegnare","B0DV5T72Q8","B0DV5T72Q8","finocam","22903203","Archivio ufficio e accessori per scrivania","0","0","0","0","0.00","0.00","0","0","0.00","0","0","0"
"finocam Agenda Spirale 18 Mesi 2025 2026 Settimana Layout Orizzontale Luglio 2025 Dicembre 2026 (18 mesi) Girl Internazionale","B0DV5T8Q5W","B0DV5T8Q5W","finocam","Diari per appuntamenti e agende","Archivio ufficio e accessori per scrivania","0","245","0","0","0.00","39.00","0","4","0.00","0","0","1.6"
"finocam - Taccuino Nexo Copertina Rigida Dotted Nero| Taccuino Grande con Fogli Microforati | Tasca e Portapenna| 72 Fogli, Ideale per Bullet Journal","B0DV5TDDWQ","B0DV5TDDWQ","finocam","22903203","Archivio ufficio e accessori per scrivania","1","5","100","0","0.00","0.00","0","0","0.00","0","0","0"
"finocam Taccuino Nexo Copertina Morbida Pagine Bianche Giallo, Taccuino Piccolo con Fogli Microforati, Tasca e Portapenna, 72 Fogli, Ideale per Scrivere e Disegnare","B0DV5XDJDR","B0DV5XDJDR","finocam","22903203","Archivio ufficio e accessori per scrivania","7","7","100","0","0.00","0.00","0","0","0.00","0","0","0"
"finocam Agenda Spirale 18 Mesi 2025 2026 Settimana Layout Orizzontale Luglio 2025 Dicembre 2026 (18 mesi) Pretty Internazionale","B0DV5XDTVN","B0DV5XDTVN","finocam","Diari per appuntamenti e agende","Archivio ufficio e accessori per scrivania","1","479","100","0","0.00","73.76","0","8","0.00","0","0","1.7"
"finocam - Taccuino Nexo Copertina Rigida Dotted Blu marino| Taccuino Piccolo con Fogli Microforati | Tasca e Portapenna| 72 Fogli, Ideale per Bullet Journal","B0DV5XF55X","B0DV5XF55X","finocam","22903203","Archivio ufficio e accessori per scrivania","1","1","100","0","0.00","0.00","0","0","0.00","0","0","0"
"finocam Taccuino Nexo Copertina Morbida Righe Orizzontali Rosa, Taccuino Piccolo con Fogli Microforati, Tasca e Portapenna, 72 Fogli, Ideale per Scrivere","B0DV5XF998","B0DV5XF998","finocam","22903203","Archivio ufficio e accessori per scrivania","2","1","100","0","0.00","0.00","0","0","0.00","0","0","0"
"finocam Taccuino Nexo Copertina Morbida Dotted Rosso, Taccuino Piccolo con Fogli Microforati, Tasca e Portapenna, 72 Fogli, Ideale per Bullet Journal","B0DV5XM31W","B0DV5XM31W","finocam","22903203","Archivio ufficio e accessori per scrivania","12","6","75","0","0.00","0.00","0","0","0.00","0","0","0"
"finocam Taccuino Nexo Copertina Morbida Pagine Bianche Rosa, Taccuino Piccolo con Fogli Microforati, Tasca e Portapenna, 72 Fogli, Ideale per Scrivere e Disegnare","B0DV5ZHKSM","B0DV5ZHKSM","finocam","22903203","Archivio ufficio e accessori per scrivania","34","12","100","0","0.00","0.00","0","0","0.00","0","0","0"
"finocam Taccuino Nexo Copertina Morbida Pagine Bianche Verde Scuro, Taccuino Piccolo con Fogli Microforati, Tasca e Portapenna, 72 Fogli, Ideale per Scrivere e Disegnare","B0DV5ZK39L","B0DV5ZK39L","finocam","22903203","Archivio ufficio e accessori per scrivania","7","8","100","0","0.00","0.00","0","0","0.00","0","0","0"
"finocam Taccuino Nexo Copertina Morbida Righe Orizzontali Blu Marino, Taccuino A5 con Fogli Microforati, Tasca e Portapenna, 72 Fogli, Ideale per Scrivere","B0DV642GB5","B0DV642GB5","finocam","22903203","Archivio ufficio e accessori per scrivania","28","4","100","0","0.00","0.00","0","0","0.00","0","0","0"
"finocam Taccuino Nexo Copertina Morbida Dotted Nero, Taccuino A5 con Fogli Microforati, Tasca e Portapenna, 72 Fogli, Ideale per Bullet Journal","B0DV642H4Y","B0DV642H4Y","finocam","22903203","Archivio ufficio e accessori per scrivania","67","89","100","0","0.00","9.84","0","1","0.00","0","0","1.1"
"finocam - Taccuino Nexo Copertina Rigida Pagine Bianche Blu Marino | Taccuino Piccolo con Fogli Microforati | Tasca e Portapenna | 72 Fogli, Ideale per Scrivere e Disegnare","B0DV642JBZ","B0DV642JBZ","finocam","22903203","Archivio ufficio e accessori per scrivania","1","8","100","0","0.00","7.23","0","1","0.00","0","0","12.5"
"finocam - Taccuino Nexo Copertina Rigida Pagine Bianche Giallo | Taccuino A5 con Fogli Microforati | Tasca e Portapenna | 72 Fogli, Ideale per Scrivere e Disegnare","B0DV6437CK","B0DV6437CK","finocam","22903203","Archivio ufficio e accessori per scrivania","6","3","100","0","0.00","0.00","0","0","0.00","0","0","0"
"finocam Taccuino Nexo Copertina Morbida Righe Orizzontali Rosso, Taccuino Piccolo con Fogli Microforati, Tasca e Portapenna, 72 Fogli, Ideale per Scrivere","B0DV643PP5","B0DV643PP5","finocam","22903203","Archivio ufficio e accessori per scrivania","1","1","100","0","0.00","0.00","0","0","0.00","0","0","0"
"finocam Taccuino Nexo Copertina Morbida Dotted Rosso, Taccuino A5 con Fogli Microforati, Tasca e Portapenna, 72 Fogli, Ideale per Bullet Journal","B0DV66L57J","B0DV66L57J","finocam","22903203","Archivio ufficio e accessori per scrivania","13","10","100","0","0.00","0.00","0","0","0.00","0","0","0"
"finocam Taccuino Nexo Copertina Morbida Pagine Bianche Azzurro, Taccuino A5 con Fogli Microforati, Tasca e Portapenna, 72 Fogli, Ideale per Scrivere e Disegnare","B0DV66LGJ2","B0DV66LGJ2","finocam","22903203","Archivio ufficio e accessori per scrivania","4","5","100","0","0.00","0.00","0","0","0.00","0","0","0"
"finocam - Taccuino Nexo Copertina Rigida Righe Orizzontali Nero| Taccuino A5 con Fogli Microforati | Tasca e Portapenna| 72 Fogli, Ideale per Note e Disegni","B0DV66LNT8","B0DV66LNT8","finocam","22903203","Archivio ufficio e accessori per scrivania","1","0","100","0","0.00","0.00","0","0","0.00","0","0","0"
"finocam - Taccuino Nexo Copertina Rigida Dotted Rosa| Taccuino Piccolo con Fogli Microforati | Tasca e Portapenna| 72 Fogli, Ideale per Bullet Journal","B0DV689WY2","B0DV689WY2","finocam","22903203","Archivio ufficio e accessori per scrivania","2","9","50","0","0.00","0.00","0","0","0.00","0","0","0"
"finocam Taccuino Nexo Copertina Morbida Pagine Bianche Turchese, Taccuino Piccolo con Fogli Microforati, Tasca e Portapenna, 72 Fogli, Ideale per Scrivere e Disegnare","B0DV6CW6KZ","B0DV6CW6KZ","finocam","22903203","Archivio ufficio e accessori per scrivania","2","0","100","0","0.00","0.00","0","0","0.00","0","0","0"
"finocam Taccuino Nexo Copertina Morbida Dotted Camel, Taccuino Piccolo con Fogli Microforati, Tasca e Portapenna, 72 Fogli, Ideale per Bullet Journal","B0DV6CX3K6","B0DV6CX3K6","finocam","22903203","Archivio ufficio e accessori per scrivania","0","2","0","0","0.00","0.00","0","0","0.00","0","0","0"
"Finocam - Agenda Planner + Appunti Layout Mensile 2026 Layout Mensile + appunti Gennaio 2026 - Dicembre 2026 12 mesi Grigio Internazionale, Medio - 250x200 mm","B0F9L9D316","B0F9L9D316","finocam","Diari per appuntamenti e agende","Archivio ufficio e accessori per scrivania","16","82","100","0","0.00","34.17","0","3","0.00","0","0","3.7"
"Finocam - Agenda 2026 Settimana Layout Verticale | Gennaio - Dicembre 12 mesi | Agenda A5 con elastico e nastro in tessuto | Copertina Morbida Capri - Nero - Internazionale, Settimanale Verticale","B0F9L9M53Z","B0F9L9M53Z","finocam","Diari per appuntamenti e agende","Archivio ufficio e accessori per scrivania","13","113","100","0","0.00","41.39","0","3","0.00","0","0","2.7"
"Finocam - Agenda Spirale 2026 Settimana Layout Verticale | Gennaio - Dicembre 12 mesi | Agenda Annuale 2026 con elastico | Doppia Spirale Copertina Rigida Spirale Alma - Nero - Internazionale","B0F9LBHCHZ","B0F9LBHCHZ","finocam","Diari per appuntamenti e agende","Archivio ufficio e accessori per scrivania","0","85","0","0","0.00","42.64","0","4","0.00","0","0","4.7"
"Finocam - Agenda 2026 Settimana Layout Verticale | Gennaio - Dicembre 12 mesi | Agenda Annuale 2026 con elastico e nastro in tessuto | Copertina Morbida Mara - Nero - Internazionale","B0F9LBJWVF","B0F9LBJWVF","finocam","Diari per appuntamenti e agende","Archivio ufficio e accessori per scrivania","11","72","100","0","0.00","20.50","0","2","0.00","0","0","2.8"
"Finocam - Agenda 2026 Settimana Layout Orizzontale | Gennaio - Dicembre 12 mesi | Agenda B5 Annuale 2026 con elastico | Doppia Spirale Copertina Rigida Optimal - Emma - Internazionale","B0F9LC83P3","B0F9LC83P3","finocam","Diari per appuntamenti e agende","Archivio ufficio e accessori per scrivania","8","18","100","0","0.00","0.00","0","0","0.00","0","0","0"
"Finocam - Calendario da parete 2026 30x30 Layout mensile Gennaio - Dicembre 2026 + Sett. - Dic. 2025 (4 mesi) ridotto | Calendario 2026 | Immagini Dogs - Internazionale","B0F9LCD34F","781225226","finocam","Calendari e articoli da scrivania","Archivio ufficio e accessori per scrivania","0","0","0","0","0.00","0.00","0","0","0.00","0","0","0"
"Finocam - Agenda 2026 Settimana Layout Orizzontale | Gennaio - Dicembre 12 mesi | Agenda Annuale 2026 con elastico | Doppia Spirale Copertina Rigida Optimal - Emma - Internazionale, 4º - 155x217 mm","B0F9LCGBLL","B0F9LCGBLL","finocam","Diari per appuntamenti e agende","Archivio ufficio e accessori per scrivania","3","24","100","0","0.00","0.00","0","0","0.00","0","0","0"
"","B0F9LCPV3K","8422952411352","","","","0","0","0","0","0.00","0.00","0","0","0.00","0","0","0"
"Finocam - Agenda 2026 1 Giorno per Pagina | Gennaio - Dicembre 12 mesi | Agenda Annuale 2026 con elastico e nastro in tessuto | Copertina Rigida Porto Design - Malva - Internazionale, Giornaliera","B0F9LCV63M","B0F9LCV63M","finocam","Diari per appuntamenti e agende","Archivio ufficio e accessori per scrivania","0","344","0","0","0.00","77.49","0","9","0.00","0","0","2.6"
"Finocam - Agenda 2026 2 Pagine per Giorno | Gennaio - Dicembre 12 mesi | Agenda Annuale 2026 | Rilegata con Copertina Rigida Imbottita Milano - Nero - Internazionale, Grande Y12-210x270 mm","B0F9LD2B2W","B0F9LD2B2W","finocam","Diari per appuntamenti e agende","Archivio ufficio e accessori per scrivania","0","135","0","0","0.00","86.06","0","2","0.00","0","0","1.5"
"Finocam - Agenda 2026 Settimana Layout Verticale | Gennaio - Dicembre 12 mesi | Agenda Annuale 2026 con elastico e nastro in tessuto | Copertina Morbida Mara - Blu - Internazionale","B0F9LD2X51","B0F9LD2X51","finocam","Diari per appuntamenti e agende","Archivio ufficio e accessori per scrivania","0","68","0","0","0.00","20.50","0","2","0.00","0","0","2.9"
"Finocam - Agenda Spirale 2026 1 Giorno per Pagina | Gennaio - Dicembre 12 mesi | Agenda Annuale 2026 con elastico | Doppia Spirale Copertina Rigida Spirale Alma - Corallo - Internazionale","B0F9LDHV76","B0F9LDHV76","finocam","Diari per appuntamenti e agende","Archivio ufficio e accessori per scrivania","0","27","0","0","0.00","0.00","0","0","0.00","0","0","0"
"Finocam - Agenda 2026 Settimana Layout Orizzontale | Gennaio - Dicembre 12 mesi | Agenda Annuale 2026 con elastico | Doppia Spirale Copertina Rigida Optimal - Vera - Internazionale, 4º - 155x217 mm","B0F9LDPGMW","B0F9LDPGMW","finocam","Diari per appuntamenti e agende","Archivio ufficio e accessori per scrivania","7","28","100","0","0.00","0.00","0","0","0.00","0","0","0"
"Finocam - Agenda Spirale 2026 1 Giorno per Pagina | Gennaio - Dicembre 12 mesi | Agenda Annuale 2026 con elastico | Doppia Spirale Copertina Rigida You - Foglie - Internazionale","B0F9LDSGY1","B0F9LDSGY1","finocam","Diari per appuntamenti e agende","Archivio ufficio e accessori per scrivania","8","47","100","0","0.00","0.00","0","0","0.00","0","0","0"
"Finocam - Agenda 2026 Settimana Layout Orizzontale | Gennaio - Dicembre 12 mesi | Agenda B5 Annuale 2026 con elastico | Doppia Spirale Copertina Rigida Optimal - Vera - Internazionale","B0F9LDWNFT","B0F9LDWNFT","finocam","Diari per appuntamenti e agende","Archivio ufficio e accessori per scrivania","4","75","100","0","0.00","18.96","0","1","0.00","0","0","1.3"
"Finocam - Agenda Spirale 2026 1 Giorno per Pagina | Gennaio - Dicembre 12 mesi | Agenda Annuale 2026 con elastico | Doppia Spirale Copertina Rigida Spirale Alma - Blu - Internazionale","B0F9LF68KF","B0F9LF68KF","finocam","Diari per appuntamenti e agende","Archivio ufficio e accessori per scrivania","0","34","0","0","0.00","16.39","0","1","0.00","0","0","2.9"
"Finocam - Agenda Spirale 2026 1 Giorno per Pagina | Gennaio - Dicembre 12 mesi | Agenda Annuale 2026 con elastico | Doppia Spirale Copertina Rigida You - Cotton - Internazionale","B0F9LFH6JW","B0F9LFH6JW","finocam","Diari per appuntamenti e agende","Archivio ufficio e accessori per scrivania","4","67","100","0","0.00","48.99","0","3","0.00","0","0","4.5"
"Finocam - Agenda 2026 1 Giorno per Pagina | Gennaio - Dicembre 12 mesi | Agenda B5 Annuale 2026 con elastico | Doppia Spirale Copertina Rigida Optimal - Emma - Internazionale, Giornaliera","B0F9LFR2FK","B0F9LFR2FK","finocam","Diari per appuntamenti e agende","Archivio ufficio e accessori per scrivania","1","8","100","0","0.00","0.00","0","0","0.00","0","0","0"
"Finocam - Agenda 2026 Settimana Layout Verticale | Gennaio - Dicembre 12 mesi | Agenda Annuale 2026 | Copertina Rigida Imbottita Berlin - Foglie - Internazionale, Settimanale Verticale","B0F9LG9M5Q","B0F9LG9M5Q","finocam","Diari per appuntamenti e agende","Archivio ufficio e accessori per scrivania","0","186","0","0","0.00","10.66","0","1","0.00","0","0","0.5"
"Finocam - Agenda 2026 1 Giorno per Pagina | Gennaio - Dicembre 12 mesi | Agenda Annuale 2026 con elastico e nastro in tessuto | Copertina Rigida Porto Design - Camila - Internazionale, Giornaliera","B0F9LGNZ2T","B0F9LGNZ2T","finocam","Diari per appuntamenti e agende","Archivio ufficio e accessori per scrivania","0","284","0","0","0.00","85.71","0","10","0.00","0","0","3.5"
"Finocam - Agenda Spirale 2026 Settimana Layout Verticale | Gennaio - Dicembre 12 mesi | Agenda Annuale 2026 con elastico | Doppia Spirale Copertina Rigida Spirale Alma - Corallo - Internazionale","B0F9LGZJR2","B0F9LGZJR2","finocam","Diari per appuntamenti e agende","Archivio ufficio e accessori per scrivania","0","79","0","0","0.00","10.66","0","1","0.00","0","0","1.3"
"Finocam - Agenda 2026 Settimana Layout Verticale | Gennaio - Dicembre 12 mesi | Agenda Annuale 2026 con elastico e nastro in tessuto | Copertina Morbida Mara - Rosso - Internazionale","B0F9LH12S8","B0F9LH12S8","finocam","Diari per appuntamenti e agende","Archivio ufficio e accessori per scrivania","0","131","0","0","0.00","41.00","0","4","0.00","0","0","3.1"
"Finocam - Agenda 2026 Settimana Layout Verticale | Gennaio - Dicembre 12 mesi | Agenda Annuale 2026 con nastro in tessuto | Copertina Rigida Porto - Rosso - Internazionale, Settimanale Verticale","B0F9LHJVFZ","B0F9LHJVFZ","finocam","Diari per appuntamenti e agende","Archivio ufficio e accessori per scrivania","0","203","0","0","0.00","59.04","0","9","0.00","0","0","4.4"
"Finocam - Agenda 2026 Settimana Layout Verticale | Gennaio - Dicembre 12 mesi | Agenda Annuale 2026 con elastico e nastro in tessuto | Copertina Rigida Porto Design - Malva - Internazionale","B0F9LKB6NR","B0F9LKB6NR","finocam","Diari per appuntamenti e agende","Archivio ufficio e accessori per scrivania","0","1983","0","0","0.00","190.24","0","29","0.00","0","0","1.5"
"Finocam - Agenda Spirale 2026 1 Giorno per Pagina | Gennaio - Dicembre 12 mesi | Agenda Annuale 2026 | Copertura in polipropilene Spirale Design Collection - Ora - Italiano, Giornaliera","B0FG38BDZM","B0FG38BDZM","finocam","Diari per appuntamenti e agende","Archivio ufficio e accessori per scrivania","9","38","100","0","0.00","15.63","0","1","0.00","0","0","2.6"
"Finocam - Agenda Spirale 2026 Settimana Layout Orizzontale|Gennaio - Dicembre 12 mesi | Agenda Annuale 2026 | Copertura in polipropilene Spirale Design Collection - Ora - Italiano","B0FG38F6CP","B0FG38F6CP","finocam","Diari per appuntamenti e agende","Archivio ufficio e accessori per scrivania","7","137","100","0","0.00","9.84","0","1","0.00","0","0","0.7"
"Finocam - Agenda Spirale 2026 Settimana Layout Orizzontale|Gennaio - Dicembre 12 mesi | Agenda Annuale 2026 | Copertura in polipropilene Spirale Design Collection - Goldy - Italiano","B0FG38QL8B","B0FG38QL8B","finocam","Diari per appuntamenti e agende","Archivio ufficio e accessori per scrivania","0","247","0","0","0.00","78.72","0","8","0.00","0","0","3.2"
"Finocam - Agenda Spirale 2026 1 Giorno per Pagina | Gennaio - Dicembre 12 mesi | Agenda Annuale 2026 | Copertura in polipropilene Spirale Design Collection - Flora - Italiano, Giornaliera","B0FG39DQ9Q","B0FG39DQ9Q","finocam","Diari per appuntamenti e agende","Archivio ufficio e accessori per scrivania","15","135","100","0","0.00","78.28","0","5","0.00","0","0","3.7"
"Finocam - Agenda Spirale 2026 Settimana Layout Orizzontale|Gennaio - Dicembre 12 mesi | Agenda Annuale 2026 con elastico | Copertura in polipropilene Spirale Opaca - Nero - Italiano","B0FG3BLQFF","B0FG3BLQFF","finocam","Diari per appuntamenti e agende","Archivio ufficio e accessori per scrivania","17","107","100","0","0.00","18.76","0","2","0.00","0","0","1.9"
"Finocam - Agenda Spirale 2026 1 Giorno per Pagina | Gennaio - Dicembre 12 mesi | Agenda Annuale 2026 | Copertura in polipropilene Spirale Design Collection - Impossible - Italiano, Giornaliera","B0FG3C7CGN","B0FG3C7CGN","finocam","Diari per appuntamenti e agende","Archivio ufficio e accessori per scrivania","12","74","100","0","0.00","31.40","0","2","0.00","0","0","2.7"
"Finocam - Agenda Spirale 2026 1 Giorno per Pagina | Gennaio - Dicembre 12 mesi | Agenda Annuale 2026 con elastico | Copertura in polipropilene Spirale Opaca - Blu - Italiano, Giornaliera","B0FG3CMYPF","B0FG3CMYPF","finocam","Diari per appuntamenti e agende","Archivio ufficio e accessori per scrivania","27","65","93.9","0","0.00","0.00","0","0","0.00","0","0","0"
"Finocam - Calendario da parete 2026 Layout Mensile Gennaio - Dicembre 2026 12 mesi | Calendario 2026 per annotazioni | Planner mensile Neutro - Italiano, Muro scrivere, M - 265x245 mm","B0FG3DGKX6","B0FG3DGKX6","finocam","Diari per appuntamenti e agende","Archivio ufficio e accessori per scrivania","20","47","100","0","0.00","20.32","0","4","0.00","0","0","8.5"
"Finocam - Calendario da parete 2026 Layout Mensile Gennaio - Dicembre 2026 12 mesi | Calendario 2026 per annotazioni | Planner mensile Neutro - Italiano, Muro scrivere, Lungo L - 155x430 mm","B0FG3DQZMC","B0FG3DQZMC","finocam","Diari per appuntamenti e agende","Archivio ufficio e accessori per scrivania","0","129","0","0","0.00","76.67","0","11","0.00","0","0","8.5"
"Finocam - Agenda Spirale 2026 Settimana Layout Orizzontale | Gennaio - Dicembre 12 mesi | Agenda Annuale 2026 | Copertura in polipropilene Spirale Design Collection - Impossible - Italiano","B0FG3DYZ6C","B0FG3DYZ6C","finocam","Diari per appuntamenti e agende","Archivio ufficio e accessori per scrivania","33","251","100","0","0.00","49.20","0","5","0.00","0","0","2"
"Finocam - Calendario da tavolo per scrivere 2026 Layout Mensile Gennaio - Dicembre 2026 12 mesi | Calendario 2026 | Planner mensile Neutro - Italiano, Tavolo scrivere, S - 210x150 mm","B0FG3GPPHJ","B0FG3GPPHJ","finocam","Diari per appuntamenti e agende","Archivio ufficio e accessori per scrivania","0","38","0","0","0.00","14.76","0","3","0.00","0","0","7.9"
"Finocam - Agenda Spirale 2026 Settimana Layout Orizzontale|Gennaio - Dicembre 12 mesi | Agenda Annuale 2026 con elastico | Copertura in polipropilene Spirale Design Collection - Flora - Italiano","B0FG3GQRRS","B0FG3GQRRS","finocam","Diari per appuntamenti e agende","Archivio ufficio e accessori per scrivania","25","247","100","0","0.00","68.88","0","7","0.00","0","0","2.8"
"Finocam - Calendario da scrivania per scrivere 2026 con Numeri Grandi Layout Mensile Gennaio - Dicembre 2026 12 mesi | Calendario 2026 | Planner mensile Neutro - Italiano, Tavolo Numero Grandi","B0FG3HF7Z6","B0FG3HF7Z6","finocam","Diari per appuntamenti e agende","Archivio ufficio e accessori per scrivania","0","109","0","0","0.00","63.14","0","14","0.00","0","0","12.8"
"Finocam Capri Agenda Settimanale 16 Mesi 2026 2027| Power","B0GJSTVNYG","B0GJSTVNYG","finocam","Diari per appuntamenti e agende","Archivio ufficio e accessori per scrivania","0","0","0","0","0.00","0.00","0","0","0.00","0","0","0"
"Finocam Mara Agenda Settimanale 18 Mesi 2026 2027 | Daisy","B0GJSVYR6D","B0GJSVYR6D","finocam","Diari per appuntamenti e agende","Archivio ufficio e accessori per scrivania","0","0","0","0","0.00","0.00","0","0","0.00","0","0","0"
"Finocam Moniquilla Quaderno Copertina Rigida | Pagina bianca | Rosso","B0GJSYG9MP","B0GJSYG9MP","finocam","Blocchi appunti, taccuini e diari","Archivio ufficio e accessori per scrivania","28","0","100","0","0.00","0.00","0","0","0.00","0","0","0"
"Finocam Mara Agenda Settimanale 18 Mesi 2026 2027 | Azzurro","B0GJSYLDLW","B0GJSYLDLW","finocam","Diari per appuntamenti e agende","Archivio ufficio e accessori per scrivania","0","0","0","0","0.00","0.00","0","0","0.00","0","0","0"
"Finocam Moniquilla Quaderno Copertina Rigida | Pagina bianca | Azzurro","B0GJT17N96","B0GJT17N96","finocam","Blocchi appunti, taccuini e diari","Archivio ufficio e accessori per scrivania","54","0","100","0","0.00","0.00","0","0","0.00","0","0","0"
"Finocam Mara Agenda Giornaliera 18 Mesi 2026 2027 | Daisy","B0GJT2N36W","B0GJT2N36W","finocam","Diari per appuntamenti e agende","Archivio ufficio e accessori per scrivania","247","0","100","0","0.00","0.00","0","0","0.00","0","0","0"
"Finocam Moniquilla Quaderno Copertina Rigida | Pagina bianca | Azzurro","B0GJT2Y9T1","B0GJT2Y9T1","finocam","Blocchi appunti, taccuini e diari","Archivio ufficio e accessori per scrivania","14","0","100","0","0.00","0.00","0","0","0.00","0","0","0"
"Finocam Espiral Agenda Settimanale 18 Mesi 2026 2027 | Azzurro","B0GJT3XJSG","B0GJT3XJSG","finocam","Diari per appuntamenti e agende","Archivio ufficio e accessori per scrivania","5","0","100","0","0.00","0.00","0","0","0.00","0","0","0"
"Finocam Bari Planner non datato | Layout Settimanale Orizzontale · Internazionale","B0GJT4C7DJ","B0GJT4C7DJ","finocam","Organizer personali","Organizzazione dell'ufficio","1","0","100","0","0.00","0.00","0","0","0.00","0","0","0"
"Finocam Set di blocchetti adesivi F08 | Pro - Organizzazione personale","B0GJT5WC7Q","B0GJT5WC7Q","finocam","Organizer personali","Organizzazione dell'ufficio","2","0","100","0","0.00","0.00","0","0","0.00","0","0","0"
"Finocam Haiku Planner mensile non datato | Layout Mensile | Azzurro · Internazionale - Planner","B0GJT6GKHR","B0GJT6GKHR","finocam","Organizer personali","Organizzazione dell'ufficio","19","0","100","0","0.00","0.00","0","0","0.00","0","0","0"
"Finocam Bari Planner non datato | Layout Settimanale Verticale · Internazionale","B0GJT72RNL","B0GJT72RNL","finocam","Organizer personali","Organizzazione dell'ufficio","1","0","100","0","0.00","0.00","0","0","0.00","0","0","0"
"Finocam Moda Agenda Giornaliera 2027 | Azzurro","B0GYNNC6LH","B0GYNNC6LH","finocam","Diari per appuntamenti e agende","Archivio ufficio e accessori per scrivania","15","0","100","0","0.00","0.00","0","0","0.00","0","0","0"
"Finocam Dynamic Porto Agenda Giornaliera 2027 | Azzurro","B0GYNRKMN9","B0GYNRKMN9","finocam","Diari per appuntamenti e agende","Archivio ufficio e accessori per scrivania","22","0","100","0","0.00","0.00","0","0","0.00","0","0","0"
"Finocam Planner Agenda + Note 2027 | Layout Mensile + note | Grigio - Internazionale - Agenda Mensile.","B0GYNRZL6R","B0GYNRZL6R","finocam","Diari per appuntamenti e agende","Archivio ufficio e accessori per scrivania","28","0","100","0","0.00","0.00","0","0","0.00","0","0","0"
"Finocam Capri Agenda Settimanale 2027 | Nero","B0GYNS99SY","B0GYNS99SY","finocam","Diari per appuntamenti e agende","Archivio ufficio e accessori per scrivania","23","0","100","0","0.00","0.00","0","0","0.00","0","0","0"
"Finocam Calendario da Parete Internazionale 2027 | Immagini Dogs - Calendario mensile - Pianificazione e Organizzazione","B0GYNTJC78","B0GYNTJC78","finocam","calendari","Organizzazione dell'ufficio","16","0","100","0","0.00","0.00","0","0","0.00","0","0","0"
"Finocam Spirale You Agenda Giornaliera 2027 | Grano","B0GYNTP46M","B0GYNTP46M","finocam","Diari per appuntamenti e agende","Archivio ufficio e accessori per scrivania","113","0","100","0","0.00","0.00","0","0","0.00","0","0","0"
"Finocam Planner Agenda + Note 2027 | Layout Settimanale + note | Grigio - Internazionale - Agenda settimanale","B0GYNTR867","B0GYNTR867","finocam","Diari per appuntamenti e agende","Archivio ufficio e accessori per scrivania","8","0","100","0","0.00","0.00","0","0","0.00","0","0","0"
"Finocam Capri Agenda Giornaliera 2027 | Happy","B0GYNV2YKJ","B0GYNV2YKJ","finocam","Diari per appuntamenti e agende","Archivio ufficio e accessori per scrivania","100","0","100","0","0.00","0.00","0","0","0.00","0","0","0"
"Finocam Moda Agenda Settimanale 2027 | Spiga","B0GYNV726D","B0GYNV726D","finocam","Diari per appuntamenti e agende","Archivio ufficio e accessori per scrivania","35","0","100","0","0.00","0.00","0","0","0.00","0","0","0"
"Finocam Spirale Alma Agenda Giornaliera 2027 | Rosa","B0GYNVBQ13","B0GYNVBQ13","finocam","Diari per appuntamenti e agende","Archivio ufficio e accessori per scrivania","30","0","100","0","0.00","0.00","0","0","0.00","0","0","0"
"Finocam Calendario da Parete Internazionale 2027 | Immagini Charming - Calendario mensile - Pianificazione e Organizzazione","B0GYNVJN8F","B0GYNVJN8F","finocam","calendari","Organizzazione dell'ufficio","87","0","100","0","0.00","0.00","0","0","0.00","0","0","0"
"Finocam Calendario da Parete Internazionale 2027 | Immagini Venice - Calendario mensile - Pianificazione e Organizzazione","B0GYNW2R9M","B0GYNW2R9M","finocam","calendari","Organizzazione dell'ufficio","32","0","100","0","0.00","0.00","0","0","0.00","0","0","0"
"Finocam Dynamic Berlino Agenda Settimanale 2027 | Foglie","B0GYNW59MH","B0GYNW59MH","finocam","Diari per appuntamenti e agende","Archivio ufficio e accessori per scrivania","281","0","100","0","0.00","0.00","0","0","0.00","0","0","0"
"Finocam Optimal Agenda Settimanale 2027 | Azzurro","B0GYNW6THD","B0GYNW6THD","finocam","Diari per appuntamenti e agende","Archivio ufficio e accessori per scrivania","16","0","100","0","0.00","0.00","0","0","0.00","0","0","0"
"Finocam Dynamic Porto Agenda Giornaliera 2027 | Rosso","B0GYNWDD9X","B0GYNWDD9X","finocam","Diari per appuntamenti e agende","Archivio ufficio e accessori per scrivania","34","0","100","0","0.00","0.00","0","0","0.00","0","0","0"
"Finocam Capri Agenda Giornaliera 2027 | Nero","B0GYNWMLRD","B0GYNWMLRD","finocam","Diari per appuntamenti e agende","Archivio ufficio e accessori per scrivania","17","0","100","0","0.00","0.00","0","0","0.00","0","0","0"
"Finocam Spirale Alma Agenda Giornaliera 2027 | Nero","B0GYNX5Q2R","B0GYNX5Q2R","finocam","Diari per appuntamenti e agende","Archivio ufficio e accessori per scrivania","9","0","100","0","0.00","0.00","0","0","0.00","0","0","0"
"Finocam Spirale Alma Agenda Giornaliera 2027 | Azzurro","B0GYNZKR9S","B0GYNZKR9S","finocam","Diari per appuntamenti e agende","Archivio ufficio e accessori per scrivania","20","0","100","0","0.00","0.00","0","0","0.00","0","0","0"
"Finocam Spirale You Agenda Settimanale 2027 | Foglie","B0GYNZQ2V8","B0GYNZQ2V8","finocam","Diari per appuntamenti e agende","Archivio ufficio e accessori per scrivania","175","0","100","0","0.00","0.00","0","0","0.00","0","0","0"
"Finocam Optimal Agenda Settimanale 2027 | Grigio","B0GYNZWDS7","B0GYNZWDS7","finocam","Diari per appuntamenti e agende","Archivio ufficio e accessori per scrivania","22","0","100","0","0.00","0.00","0","0","0.00","0","0","0"
"Finocam Spirale You Agenda Settimanale 2027 | Cotton","B0GYNZWPZ8","B0GYNZWPZ8","finocam","Diari per appuntamenti e agende","Archivio ufficio e accessori per scrivania","300","0","100","0","0.00","0.00","0","0","0.00","0","0","0"
"Finocam Optimal Agenda Settimanale 2027 | Azzurro","B0GYNZXLLX","B0GYNZXLLX","finocam","Diari per appuntamenti e agende","Archivio ufficio e accessori per scrivania","10","0","100","0","0.00","0.00","0","0","0.00","0","0","0"
"Finocam Optimal Agenda Giornaliera 2027 | Grigio","B0GYP18TXB","B0GYP18TXB","finocam","Diari per appuntamenti e agende","Archivio ufficio e accessori per scrivania","18","0","100","0","0.00","0.00","0","0","0.00","0","0","0"
"Finocam Moda Agenda Settimanale 2027 | Nero","B0GYP2VBZL","B0GYP2VBZL","finocam","Diari per appuntamenti e agende","Archivio ufficio e accessori per scrivania","18","0","100","0","0.00","0.00","0","0","0.00","0","0","0"
"Finocam Calendario da Tavolo Internazionale 2027 | Immagini Dogs - Calendario mensile - Pianificazione e Organizzazione","B0GYP2VRNR","B0GYP2VRNR","finocam","calendari","Organizzazione dell'ufficio","56","0","100","0","0.00","0.00","0","0","0.00","0","0","0"
"Finocam Calendario da Parete Internazionale 2027 | Immagini Dogs - Calendario mensile - Pianificazione e Organizzazione","B0GYP2XVQX","B0GYP2XVQX","finocam","calendari","Organizzazione dell'ufficio","10","0","100","0","0.00","0.00","0","0","0.00","0","0","0"
"Finocam Spirale Alma Agenda Settimanale 2027 | Verde","B0GYP37Q7Z","B0GYP37Q7Z","finocam","Diari per appuntamenti e agende","Archivio ufficio e accessori per scrivania","34","0","100","0","0.00","0.00","0","0","0.00","0","0","0"
"Finocam Moda Agenda Giornaliera 2027 | Quadretti","B0GYP39DY1","B0GYP39DY1","finocam","Diari per appuntamenti e agende","Archivio ufficio e accessori per scrivania","92","0","100","0","0.00","0.00","0","0","0.00","0","0","0"
"Finocam Spirale You Agenda Settimanale 2027 | Grano","B0GYP5LG2P","B0GYP5LG2P","finocam","Diari per appuntamenti e agende","Archivio ufficio e accessori per scrivania","144","0","100","0","0.00","0.00","0","0","0.00","0","0","0"
"Finocam Spirale Agenda Giornaliera 2027 | Flora – Italiano","B0H38YD8PH","B0H38YD8PH","finocam","Diari per appuntamenti e agende","Archivio ufficio e accessori per scrivania","0","0","0","0","0.00","0.00","0","0","0.00","0","0","0"
"Finocam Spirale Opaque Agenda Giornaliera 2027 | Nero – Italiano","B0H38YR5MZ","B0H38YR5MZ","finocam","Diari per appuntamenti e agende","Archivio ufficio e accessori per scrivania","0","0","0","0","0.00","0.00","0","0","0.00","0","0","0"
"Finocam Spirale Opaque Agenda Settimanale 2027 | Nero – Italiano","B0H3911WYC","B0H3911WYC","finocam","Diari per appuntamenti e agende","Archivio ufficio e accessori per scrivania","0","0","0","0","0.00","0.00","0","0","0.00","0","0","0"
"Finocam Spirale Design Collection Agenda 2027 | Botanic – Italiano","B0H39129RX","B0H39129RX","finocam","Diari per appuntamenti e agende","Archivio ufficio e accessori per scrivania","0","0","0","0","0.00","0.00","0","0","0.00","0","0","0"
"Finocam Spirale Opaque Agenda Settimanale 2027 | Azzurro – Italiano","B0H391J5LR","B0H391J5LR","finocam","Diari per appuntamenti e agende","Archivio ufficio e accessori per scrivania","0","0","0","0","0.00","0.00","0","0","0.00","0","0","0"
"Finocam Calendario da Parete per Scrivere 2027 | Art Frasi ispiratrici - Lingua: Italiano - Calendario mensile - Pianificazione e Organizzazione","B0H391JNLS","B0H391JNLS","finocam","calendari","Organizzazione dell'ufficio","17","0","100","0","0.00","0.00","0","0","0.00","0","0","0"
"Finocam Spirale Design Collection Agenda 2027 | Flora – Italiano","B0H392FMXB","B0H392FMXB","finocam","Diari per appuntamenti e agende","Archivio ufficio e accessori per scrivania","0","0","0","0","0.00","0.00","0","0","0.00","0","0","0"
"Finocam Spirale Design Collection Agenda 2027 | Goldy – Italiano","B0H392SVMP","B0H392SVMP","finocam","Diari per appuntamenti e agende","Archivio ufficio e accessori per scrivania","0","0","0","0","0.00","0.00","0","0","0.00","0","0","0"
"Finocam Spirale Design Collection Agenda 2027 | Adesso – Italiano","B0H3936YP4","B0H3936YP4","finocam","Diari per appuntamenti e agende","Archivio ufficio e accessori per scrivania","0","0","0","0","0.00","0.00","0","0","0.00","0","0","0"
"Finocam Spirale Design Collection Agenda 2027 | Camila – Italiano","B0H393WQWG","B0H393WQWG","finocam","Diari per appuntamenti e agende","Archivio ufficio e accessori per scrivania","0","0","0","0","0.00","0.00","0","0","0.00","0","0","0"
"Finocam Spirale Opaque Agenda Giornaliera 2027 | Azzurro – Italiano","B0H394J319","B0H394J319","finocam","Diari per appuntamenti e agende","Archivio ufficio e accessori per scrivania","0","0","0","0","0.00","0.00","0","0","0.00","0","0","0"
"Finocam Spirale Agenda Giornaliera 2027 | Botanic – Italiano","B0H394YX8Q","B0H394YX8Q","finocam","Diari per appuntamenti e agende","Archivio ufficio e accessori per scrivania","0","0","0","0","0.00","0.00","0","0","0.00","0","0","0"
"Finocam Spirale Design Collection Agenda 2027 | Impossibile – Italiano","B0H397XV26","B0H397XV26","finocam","Diari per appuntamenti e agende","Archivio ufficio e accessori per scrivania","0","0","0","0","0.00","0.00","0","0","0.00","0","0","0"
